-- MySQL dump 10.13  Distrib 8.0.21, for Win64 (x86_64)
--
-- Host: j6a201.p.ssafy.io    Database: culetter
-- ------------------------------------------------------
-- Server version	5.7.37

/*!40101 SET @OLD_CHARACTER_SET_CLIENT=@@CHARACTER_SET_CLIENT */;
/*!40101 SET @OLD_CHARACTER_SET_RESULTS=@@CHARACTER_SET_RESULTS */;
/*!40101 SET @OLD_COLLATION_CONNECTION=@@COLLATION_CONNECTION */;
/*!50503 SET NAMES utf8 */;
/*!40103 SET @OLD_TIME_ZONE=@@TIME_ZONE */;
/*!40103 SET TIME_ZONE='+00:00' */;
/*!40014 SET @OLD_UNIQUE_CHECKS=@@UNIQUE_CHECKS, UNIQUE_CHECKS=0 */;
/*!40014 SET @OLD_FOREIGN_KEY_CHECKS=@@FOREIGN_KEY_CHECKS, FOREIGN_KEY_CHECKS=0 */;
/*!40101 SET @OLD_SQL_MODE=@@SQL_MODE, SQL_MODE='NO_AUTO_VALUE_ON_ZERO' */;
/*!40111 SET @OLD_SQL_NOTES=@@SQL_NOTES, SQL_NOTES=0 */;

--
-- Table structure for table `auth_email`
--

DROP TABLE IF EXISTS `auth_email`;
/*!40101 SET @saved_cs_client     = @@character_set_client */;
/*!50503 SET character_set_client = utf8mb4 */;
CREATE TABLE `auth_email` (
  `auth_email_id` bigint(20) NOT NULL AUTO_INCREMENT,
  `code` varchar(255) COLLATE utf8mb4_unicode_ci DEFAULT NULL,
  `email` varchar(255) COLLATE utf8mb4_unicode_ci DEFAULT NULL,
  PRIMARY KEY (`auth_email_id`)
) ENGINE=InnoDB AUTO_INCREMENT=75 DEFAULT CHARSET=utf8mb4 COLLATE=utf8mb4_unicode_ci;
/*!40101 SET character_set_client = @saved_cs_client */;

--
-- Dumping data for table `auth_email`
--

LOCK TABLES `auth_email` WRITE;
/*!40000 ALTER TABLE `auth_email` DISABLE KEYS */;
INSERT INTO `auth_email` VALUES (1,'BR1LivmJ','dkfkqldk97@naver.com'),(2,'AYcgNrZ0','dkfkqldk97@naver.com'),(3,'7pDna4cL','dkfkqldk97@naver.com'),(4,'IlF3OxfM','dkfkqldk97@naver.com'),(5,'5zODoqHb','dkfkqldk97@naver.com'),(6,'t4Puz79H','dkfkqldk97@naver.com'),(7,'voafV1Kl','dkfkqldk97@naver.com'),(8,'AwTjuar6','dkfkqldk97@naver.com'),(9,'lJd3eNI1','dkfkqldk97@naver.com'),(10,'q54eVhoT','dkfkqldk97@naver.com'),(11,'xaO7ovRK','dkfkqldk97@naver.com'),(12,'zgSNEm61','dkfkqldk97@naver.com'),(13,'oHYddU58','dkfkqldk97@naver.com'),(14,'a9ZX58J4','dkfkqldk97@naver.com'),(15,'WPuk69T0','dkfkqldk97@naver.com'),(16,'Xvqr4TfJ','dkfkqldk97@naver.com'),(17,'hPFbwtY2','dkfkqldk97@naver.com'),(18,'KjWyts4g','dkfkqldk97@naver.com'),(19,'4JzXsq8g','dkfkqldk97@naver.com'),(20,'qFoMkPd6','dkfkqldk97@naver.com'),(21,'uGtnD6ub','dkfkqldk97@naver.com'),(22,'eI4eCPZw','dkfkqldk97@naver.com'),(23,'JE2gTbJM','dkfkqldk97@naver.com'),(24,'8ofK2eI8','dkfkqldk97@naver.com'),(25,'k2AY64Bc','dkfkqldk97@naver.com'),(26,'ER8EDpRg','dkfkqldk97@naver.com'),(27,'8Wq02l15','dkfkqldk97@naver.com'),(28,'9CeAm0xY','alonemint@naver.com'),(29,'zFB0EUhd','alonemint@gmail.com'),(30,'XD548jSC','alonemint@gmail.com'),(31,'buX44Wlu','1@1.com'),(32,'eYUM8HYq','1@1.com'),(33,'oiAhgmod','1@1.com'),(34,'cu0xIxVE','1@1.com'),(35,'10Pud3gm','1@1.com'),(36,'aXpB9dIr','1@1.com'),(37,'q1edFdYS','1@1.com'),(38,'SlDuCQi1','1@1.com'),(39,'FGJAInK4','1@1.com'),(40,'kLTEMo5J','1@1.com'),(41,'8uYNiWH7','1@1.com'),(42,'vwz66GCb','1@1.com'),(43,'1KOErTfS','alonemint@naver.com'),(44,'X02Jix3x','dkfkqldk97@naver.com'),(45,'j8jb6CnB','test@gmail.com'),(46,'HXtPml5N','mapleapril@naver.com'),(47,'0Yg32dso','sny3238@gmail.com'),(48,'oK2bcem8','rudguq439@naver.com'),(49,'j2aSHImG','rudguq439@naver.com'),(50,'jB507qJh','rudguq439@naver.com'),(51,'6msAkJ97','rudguq439@naver.com'),(52,'JjtSUTMf','rudguq439@naver.com'),(53,'aF0il0aJ','rudguq439@naver.com'),(54,'1vjNVgPg','rudguq439@naver.com'),(55,'cOqBA47A','dkfkqldk97@naver.com'),(56,'RjzKHs5a','alonemint@naver.com'),(57,'JMj1xBTt','sang712h@gmail.com'),(58,'nIdu8T6t','sang712h@gmail.com'),(59,'28TawUwy','sang712h@gmail.com'),(60,'ApauPaRt','wind9481@naver.com'),(61,'XlfBsYdM','tjdytpq0310@gmail.com'),(62,'rnDK3i5W','dkfkqldk97@naver.com'),(63,'N6V7h3PJ','dkfkqldk97@naver.com'),(64,'RcdLPOAG','mapleapril@naver.com'),(65,'qtcNGT65','tmdrl5661@naver.com'),(66,'UGN6mMfu','psa9456@naver.com'),(67,'VdZQWkF7','tkwk@naver.com'),(68,'CVBI5DXb','ironylovely@naver.com'),(69,'9NGj2C1T','aprilsmaple@gmail.com'),(70,'Zl4tsDNJ','pkr951113@naver.com'),(71,'YnOeLIuq','111502house@gmail.com'),(72,'v5tmcIEo','fawepo2895@yeafam.com'),(73,'zLoBJyrW','housephone1502@gmail.com'),(74,'6rGuNalG','111502house@gmail.com');
/*!40000 ALTER TABLE `auth_email` ENABLE KEYS */;
UNLOCK TABLES;

--
-- Table structure for table `file`
--

DROP TABLE IF EXISTS `file`;
/*!40101 SET @saved_cs_client     = @@character_set_client */;
/*!50503 SET character_set_client = utf8mb4 */;
CREATE TABLE `file` (
  `file_id` bigint(20) NOT NULL AUTO_INCREMENT,
  `angry` float DEFAULT NULL,
  `happy` float DEFAULT NULL,
  `name` varchar(255) COLLATE utf8mb4_unicode_ci DEFAULT NULL,
  `panic` float DEFAULT NULL,
  `sad` float DEFAULT NULL,
  `type` varchar(255) COLLATE utf8mb4_unicode_ci DEFAULT NULL,
  `url` varchar(255) COLLATE utf8mb4_unicode_ci DEFAULT NULL,
  PRIMARY KEY (`file_id`)
) ENGINE=InnoDB AUTO_INCREMENT=407 DEFAULT CHARSET=utf8mb4 COLLATE=utf8mb4_unicode_ci;
/*!40101 SET character_set_client = @saved_cs_client */;

--
-- Dumping data for table `file`
--

LOCK TABLES `file` WRITE;
/*!40000 ALTER TABLE `file` DISABLE KEYS */;
INSERT INTO `file` VALUES (42,0,1,'Acoustic Folk',0,0,'music','https://culetter.s3.ap-northeast-2.amazonaws.com/music/001.mp3'),(43,0,1,'Smile',0,0,'music','https://culetter.s3.ap-northeast-2.amazonaws.com/music/002.mp3'),(44,0,1,'Successful Sompany',0,0,'music','https://culetter.s3.ap-northeast-2.amazonaws.com/music/003.mp3'),(45,0,1,'Beauty Of Nature',0,0,'music','https://culetter.s3.ap-northeast-2.amazonaws.com/music/004.mp3'),(46,0,1,'Be Happy',0,0,'music','https://culetter.s3.ap-northeast-2.amazonaws.com/music/005.mp3'),(47,0,1,'Road Adventures',0,0,'music','https://culetter.s3.ap-northeast-2.amazonaws.com/music/006.mp3'),(48,0,1,'I\'m Funny',0,0,'music','https://culetter.s3.ap-northeast-2.amazonaws.com/music/007.mp3'),(49,0,1,'Friends',0,0,'music','https://culetter.s3.ap-northeast-2.amazonaws.com/music/008.mp3'),(50,0,1,'For Childrens',0,0,'music','https://culetter.s3.ap-northeast-2.amazonaws.com/music/009.mp3'),(51,0,0.8,'Cross Country',0,0.2,'music','https://culetter.s3.ap-northeast-2.amazonaws.com/music/010.mp3'),(52,0,0,'Bringing Memories',0,1,'music','https://culetter.s3.ap-northeast-2.amazonaws.com/music/011.mp3'),(53,0,0,'Space Travel',0,1,'music','https://culetter.s3.ap-northeast-2.amazonaws.com/music/012.mp3'),(54,0,0.6,'Autumn In Fall',0,0.4,'music','https://culetter.s3.ap-northeast-2.amazonaws.com/music/013.mp3'),(55,0,0,'Rainy Evening',0.6,0.4,'music','https://culetter.s3.ap-northeast-2.amazonaws.com/music/014.mp3'),(56,0,0,'Old Forest',0.2,0.8,'music','https://culetter.s3.ap-northeast-2.amazonaws.com/music/015.mp3'),(57,0,0.2,'Memories',0.2,0.6,'music','https://culetter.s3.ap-northeast-2.amazonaws.com/music/016.mp3'),(58,0.4,0,'Let Them Talk',0,0.6,'music','https://culetter.s3.ap-northeast-2.amazonaws.com/music/017.mp3'),(59,0,0,'Western Ballad',0,1,'music','https://culetter.s3.ap-northeast-2.amazonaws.com/music/018.mp3'),(60,0,0,'Stardust',0.8,0.2,'music','https://culetter.s3.ap-northeast-2.amazonaws.com/music/019.mp3'),(61,0,0,'Stalker',0.6,0.4,'music','https://culetter.s3.ap-northeast-2.amazonaws.com/music/020.mp3'),(62,1,0,'Unbroken',0,0,'music','https://culetter.s3.ap-northeast-2.amazonaws.com/music/021.mp3'),(63,0.8,0,'Phoenix',0.2,0,'music','https://culetter.s3.ap-northeast-2.amazonaws.com/music/022.mp3'),(64,0.8,0,'Soho',0.2,0,'music','https://culetter.s3.ap-northeast-2.amazonaws.com/music/023.mp3'),(65,0.2,0,'Revelations',0.2,0.6,'music','https://culetter.s3.ap-northeast-2.amazonaws.com/music/024.mp3'),(66,0,0,'Deep Forest',0.8,0.2,'music','https://culetter.s3.ap-northeast-2.amazonaws.com/music/025.mp3'),(67,0,0,'Sorrow',0.2,0.8,'music','https://culetter.s3.ap-northeast-2.amazonaws.com/music/026.mp3'),(68,0,0,'Forgotten Memories',1,0,'music','https://culetter.s3.ap-northeast-2.amazonaws.com/music/027.mp3'),(69,0,0.6,'Beautiful Sunrise',0.2,0.2,'music','https://culetter.s3.ap-northeast-2.amazonaws.com/music/028.mp3'),(70,0,0,'Old Dreams',0.2,0.8,'music','https://culetter.s3.ap-northeast-2.amazonaws.com/music/029.mp3'),(71,0,0,'Autumn Leaves',0.2,0.8,'music','https://culetter.s3.ap-northeast-2.amazonaws.com/music/030.mp3'),(72,0,0.8,'Grow Up',0.2,0,'music','https://culetter.s3.ap-northeast-2.amazonaws.com/music/031.mp3'),(73,0,0.2,'Emotional',0.4,0.4,'music','https://culetter.s3.ap-northeast-2.amazonaws.com/music/032.mp3'),(74,0,0.6,'Heartwarming Story',0.2,0.2,'music','https://culetter.s3.ap-northeast-2.amazonaws.com/music/033.mp3'),(75,0,0.8,'New Day',0,0.2,'music','https://culetter.s3.ap-northeast-2.amazonaws.com/music/034.mp3'),(76,0.6,0,'End Of Everything',0.4,0,'music','https://culetter.s3.ap-northeast-2.amazonaws.com/music/035.mp3'),(77,0.8,0.2,'Rock Spot',0,0,'music','https://culetter.s3.ap-northeast-2.amazonaws.com/music/036.mp3'),(78,1,0,'Extreme Drift',0,0,'music','https://culetter.s3.ap-northeast-2.amazonaws.com/music/037.mp3'),(79,0.8,0,'One Shot',0.2,0,'music','https://culetter.s3.ap-northeast-2.amazonaws.com/music/038.mp3'),(80,1,0,'Electro Showreel',0,0,'music','https://culetter.s3.ap-northeast-2.amazonaws.com/music/039.mp3'),(81,1,0,'Vendetta',0,0,'music','https://culetter.s3.ap-northeast-2.amazonaws.com/music/040.mp3'),(82,1,0,'Dirty Games',0,0,'music','https://culetter.s3.ap-northeast-2.amazonaws.com/music/041.mp3'),(83,0.8,0,'Stomp',0.2,0,'music','https://culetter.s3.ap-northeast-2.amazonaws.com/music/042.mp3'),(84,0.8,0,'Blacklist',0.2,0,'music','https://culetter.s3.ap-northeast-2.amazonaws.com/music/043.mp3'),(85,0,1,'Christmas Season',0,0,'music','https://culetter.s3.ap-northeast-2.amazonaws.com/music/044.mp3'),(86,0,1,'Mr. Holiday',0,0,'music','https://culetter.s3.ap-northeast-2.amazonaws.com/music/045.mp3'),(87,0,0.8,'Outside The World',0.2,0,'music','https://culetter.s3.ap-northeast-2.amazonaws.com/music/046.mp3'),(88,0,1,'Young And Free',0,0,'music','https://culetter.s3.ap-northeast-2.amazonaws.com/music/047.mp3'),(89,0,0,'Doubts',1,0,'music','https://culetter.s3.ap-northeast-2.amazonaws.com/music/048.mp3'),(90,0,0.6,'In Joy And In Sorrow',0,0.4,'music','https://culetter.s3.ap-northeast-2.amazonaws.com/music/049.mp3'),(91,0,0,'Flat Earth',1,0,'music','https://culetter.s3.ap-northeast-2.amazonaws.com/music/050.mp3'),(92,0,0,'Hope',0,1,'music','https://culetter.s3.ap-northeast-2.amazonaws.com/music/051.mp3'),(93,0,0.2,'Summer Rain',0.2,0.6,'music','https://culetter.s3.ap-northeast-2.amazonaws.com/music/052.mp3'),(94,0,0.8,'Late Night Latte',0,0.2,'music','https://culetter.s3.ap-northeast-2.amazonaws.com/music/053.mp3'),(95,0,0.6,'Fire Flame',0,0.4,'music','https://culetter.s3.ap-northeast-2.amazonaws.com/music/054.mp3'),(96,0.8,0.2,'Get Up',0,0,'music','https://culetter.s3.ap-northeast-2.amazonaws.com/music/055.mp3'),(97,0,1,'Lift Me Up',0,0,'music','https://culetter.s3.ap-northeast-2.amazonaws.com/music/056.mp3'),(98,0,0.2,'A Day In Paris',0,0.8,'music','https://culetter.s3.ap-northeast-2.amazonaws.com/music/057.mp3'),(99,0,0,'Ambient Beauty',0.8,0.2,'music','https://culetter.s3.ap-northeast-2.amazonaws.com/music/058.mp3'),(100,0,1,'Light Comedy',0,0,'music','https://culetter.s3.ap-northeast-2.amazonaws.com/music/059.mp3'),(101,0,1,'Joyful Life',0,0,'music','https://culetter.s3.ap-northeast-2.amazonaws.com/music/060.mp3'),(102,0,1,'Beautiful Moment',0,0,'music','https://culetter.s3.ap-northeast-2.amazonaws.com/music/061.mp3'),(103,0,0.2,'Love',0,0.8,'music','https://culetter.s3.ap-northeast-2.amazonaws.com/music/062.mp3'),(104,0,0.4,'Falling Leaves',0,0.6,'music','https://culetter.s3.ap-northeast-2.amazonaws.com/music/064.mp3'),(105,0,1,'When Summer Ends',0,0,'music','https://culetter.s3.ap-northeast-2.amazonaws.com/music/065.mp3'),(106,0,1,'Travel',0,0,'music','https://culetter.s3.ap-northeast-2.amazonaws.com/music/066.mp3'),(107,0,0,'The Whispering Shadow',0.6,0.4,'music','https://culetter.s3.ap-northeast-2.amazonaws.com/music/067.mp3'),(108,0,0.4,'Piano Story',0,0.6,'music','https://culetter.s3.ap-northeast-2.amazonaws.com/music/068.mp3'),(109,0.2,0.8,'Old Street',0,0,'music','https://culetter.s3.ap-northeast-2.amazonaws.com/music/069.mp3'),(110,0,1,'Merry Christmas',0,0,'music','https://culetter.s3.ap-northeast-2.amazonaws.com/music/070.mp3'),(111,0,0.4,'Lovely Date',0,0.6,'music','https://culetter.s3.ap-northeast-2.amazonaws.com/music/071.mp3'),(112,0,1,'Rooftop Sunsets',0,0,'music','https://culetter.s3.ap-northeast-2.amazonaws.com/music/072.mp3'),(113,0,1,'Romantic Evening',0,0,'music','https://culetter.s3.ap-northeast-2.amazonaws.com/music/073.mp3'),(114,0,0,'Over The Ocean',0.4,0.6,'music','https://culetter.s3.ap-northeast-2.amazonaws.com/music/074.mp3'),(115,0,0,'Loneliness',0.2,0.8,'music','https://culetter.s3.ap-northeast-2.amazonaws.com/music/075.mp3'),(116,0.6,0,'Cold Northern Stars',0.4,0,'music','https://culetter.s3.ap-northeast-2.amazonaws.com/music/076.mp3'),(117,0.8,0,'Low Rider',0.2,0,'music','https://culetter.s3.ap-northeast-2.amazonaws.com/music/077.mp3'),(118,0,0,'Emotional Cello',0.4,0.6,'music','https://culetter.s3.ap-northeast-2.amazonaws.com/music/078.mp3'),(119,0,0,'Lounge Time',0.8,0.2,'music','https://culetter.s3.ap-northeast-2.amazonaws.com/music/079.mp3'),(120,0,1,'This Beautiful Summer Day',0,0,'music','https://culetter.s3.ap-northeast-2.amazonaws.com/music/080.mp3'),(121,0.6,0,'Back To 2077',0.4,0,'music','https://culetter.s3.ap-northeast-2.amazonaws.com/music/081.mp3'),(122,0,1,'Spring Mood',0,0,'music','https://culetter.s3.ap-northeast-2.amazonaws.com/music/082.mp3'),(123,0,1,'Happy Christmas',0,0,'music','https://culetter.s3.ap-northeast-2.amazonaws.com/music/083.mp3'),(124,0,0.8,'Positive Vibes',0.2,0,'music','https://culetter.s3.ap-northeast-2.amazonaws.com/music/084.mp3'),(125,0.2,0.6,'Fountains',0.2,0,'music','https://culetter.s3.ap-northeast-2.amazonaws.com/music/085.mp3'),(126,0.2,0.8,'Summer Mood',0,0,'music','https://culetter.s3.ap-northeast-2.amazonaws.com/music/086.mp3'),(157,0,0,'output_0',0.5,0.5,'letterImage','https://culetter.s3.ap-northeast-2.amazonaws.com/letter_image/output_0.png'),(158,0,1,'output_1',0,0,'letterImage','https://culetter.s3.ap-northeast-2.amazonaws.com/letter_image/output_1.png'),(159,0,0.833,'output_2',0,0.167,'letterImage','https://culetter.s3.ap-northeast-2.amazonaws.com/letter_image/output_2.png'),(160,0,1,'output_3',0,0,'letterImage','https://culetter.s3.ap-northeast-2.amazonaws.com/letter_image/output_3.png'),(161,0,0.833,'output_4',0.167,0,'letterImage','https://culetter.s3.ap-northeast-2.amazonaws.com/letter_image/output_4.png'),(162,0,0,'output_5',0.333,0.667,'letterImage','https://culetter.s3.ap-northeast-2.amazonaws.com/letter_image/output_5.png'),(163,0,0,'output_6',0.333,0.667,'letterImage','https://culetter.s3.ap-northeast-2.amazonaws.com/letter_image/output_6.png'),(164,0,0,'output_7',0.333,0.667,'letterImage','https://culetter.s3.ap-northeast-2.amazonaws.com/letter_image/output_7.png'),(165,0,0,'output_8',0.333,0.667,'letterImage','https://culetter.s3.ap-northeast-2.amazonaws.com/letter_image/output_8.png'),(166,0,1,'output_9',0,0,'letterImage','https://culetter.s3.ap-northeast-2.amazonaws.com/letter_image/output_9.png'),(167,0,0.833,'output_10',0,0.167,'letterImage','https://culetter.s3.ap-northeast-2.amazonaws.com/letter_image/output_10.png'),(168,0,0,'output_11',0.167,0.833,'letterImage','https://culetter.s3.ap-northeast-2.amazonaws.com/letter_image/output_11.png'),(169,0.167,0.833,'output_12',0,0,'letterImage','https://culetter.s3.ap-northeast-2.amazonaws.com/letter_image/output_12.png'),(170,0.333,0.667,'output_13',0,0,'letterImage','https://culetter.s3.ap-northeast-2.amazonaws.com/letter_image/output_13.png'),(171,0.333,0.333,'output_14',0.167,0.167,'letterImage','https://culetter.s3.ap-northeast-2.amazonaws.com/letter_image/output_14.png'),(172,0,0.833,'output_15',0,0.167,'letterImage','https://culetter.s3.ap-northeast-2.amazonaws.com/letter_image/output_15.png'),(173,0,0.833,'output_16',0,0.167,'letterImage','https://culetter.s3.ap-northeast-2.amazonaws.com/letter_image/output_16.png'),(174,0.167,0.833,'output_17',0,0,'letterImage','https://culetter.s3.ap-northeast-2.amazonaws.com/letter_image/output_17.png'),(175,0,1,'output_18',0,0,'letterImage','https://culetter.s3.ap-northeast-2.amazonaws.com/letter_image/output_18.png'),(176,0,1,'output_19',0,0,'letterImage','https://culetter.s3.ap-northeast-2.amazonaws.com/letter_image/output_19.png'),(177,0,0.167,'output_20',0.167,0.667,'letterImage','https://culetter.s3.ap-northeast-2.amazonaws.com/letter_image/output_20.png'),(178,0,1,'output_21',0,0,'letterImage','https://culetter.s3.ap-northeast-2.amazonaws.com/letter_image/output_21.png'),(179,0,0.833,'output_22',0.167,0,'letterImage','https://culetter.s3.ap-northeast-2.amazonaws.com/letter_image/output_22.png'),(180,0,0,'output_23',0.167,0.833,'letterImage','https://culetter.s3.ap-northeast-2.amazonaws.com/letter_image/output_23.png'),(181,0,0.333,'output_24',0.333,0.333,'letterImage','https://culetter.s3.ap-northeast-2.amazonaws.com/letter_image/output_24.png'),(182,0,0.667,'output_25',0.333,0,'letterImage','https://culetter.s3.ap-northeast-2.amazonaws.com/letter_image/output_25.png'),(183,0,0.833,'output_26',0.167,0,'letterImage','https://culetter.s3.ap-northeast-2.amazonaws.com/letter_image/output_26.png'),(184,0,0,'output_27',0.167,0.833,'letterImage','https://culetter.s3.ap-northeast-2.amazonaws.com/letter_image/output_27.png'),(185,0,1,'output_28',0,0,'letterImage','https://culetter.s3.ap-northeast-2.amazonaws.com/letter_image/output_28.png'),(186,0.167,0.5,'output_29',0.333,0,'letterImage','https://culetter.s3.ap-northeast-2.amazonaws.com/letter_image/output_29.png'),(187,0,0.5,'output_30',0.167,0.333,'letterImage','https://culetter.s3.ap-northeast-2.amazonaws.com/letter_image/output_30.png'),(188,0,0.333,'output_31',0,0.667,'letterImage','https://culetter.s3.ap-northeast-2.amazonaws.com/letter_image/output_31.png'),(189,0,0,'output_32',0.167,0.833,'letterImage','https://culetter.s3.ap-northeast-2.amazonaws.com/letter_image/output_32.png'),(190,0,1,'output_33',0,0,'letterImage','https://culetter.s3.ap-northeast-2.amazonaws.com/letter_image/output_33.png'),(191,0,0.667,'output_34',0,0.333,'letterImage','https://culetter.s3.ap-northeast-2.amazonaws.com/letter_image/output_34.png'),(192,0,1,'output_35',0,0,'letterImage','https://culetter.s3.ap-northeast-2.amazonaws.com/letter_image/output_35.png'),(193,0.333,0.167,'output_36',0.167,0.333,'letterImage','https://culetter.s3.ap-northeast-2.amazonaws.com/letter_image/output_36.png'),(194,0,0.167,'output_37',0,0.833,'letterImage','https://culetter.s3.ap-northeast-2.amazonaws.com/letter_image/output_37.png'),(195,0.333,0.167,'output_38',0.333,0.167,'letterImage','https://culetter.s3.ap-northeast-2.amazonaws.com/letter_image/output_38.png'),(196,0,1,'output_39',0,0,'letterImage','https://culetter.s3.ap-northeast-2.amazonaws.com/letter_image/output_39.png'),(197,0,1,'output_40',0,0,'letterImage','https://culetter.s3.ap-northeast-2.amazonaws.com/letter_image/output_40.png'),(198,0.167,0,'output_41',0.167,0.667,'letterImage','https://culetter.s3.ap-northeast-2.amazonaws.com/letter_image/output_41.png'),(199,0,0.167,'output_42',0.333,0.5,'letterImage','https://culetter.s3.ap-northeast-2.amazonaws.com/letter_image/output_42.png'),(200,1,0,'output_43',0,0,'letterImage','https://culetter.s3.ap-northeast-2.amazonaws.com/letter_image/output_43.png'),(201,0,1,'output_44',0,0,'letterImage','https://culetter.s3.ap-northeast-2.amazonaws.com/letter_image/output_44.png'),(202,0,0,'output_45',0,1,'letterImage','https://culetter.s3.ap-northeast-2.amazonaws.com/letter_image/output_45.png'),(203,0,1,'output_46',0,0,'letterImage','https://culetter.s3.ap-northeast-2.amazonaws.com/letter_image/output_46.png'),(204,0,0.333,'output_47',0.167,0.5,'letterImage','https://culetter.s3.ap-northeast-2.amazonaws.com/letter_image/output_47.png'),(205,0.667,0,'output_48',0,0.333,'letterImage','https://culetter.s3.ap-northeast-2.amazonaws.com/letter_image/output_48.png'),(206,0.167,0.167,'output_49',0.5,0.167,'letterImage','https://culetter.s3.ap-northeast-2.amazonaws.com/letter_image/output_49.png'),(207,1,0,'output_50',0,0,'letterImage','https://culetter.s3.ap-northeast-2.amazonaws.com/letter_image/output_50.png'),(208,0,0.333,'output_51',0,0.667,'letterImage','https://culetter.s3.ap-northeast-2.amazonaws.com/letter_image/output_51.png'),(209,0,0.167,'output_52',0.167,0.667,'letterImage','https://culetter.s3.ap-northeast-2.amazonaws.com/letter_image/output_52.png'),(210,0,0.667,'output_53',0,0.333,'letterImage','https://culetter.s3.ap-northeast-2.amazonaws.com/letter_image/output_53.png'),(211,0,0,'output_54',0.667,0.333,'letterImage','https://culetter.s3.ap-northeast-2.amazonaws.com/letter_image/output_54.png'),(212,0,0.167,'output_55',0,0.833,'letterImage','https://culetter.s3.ap-northeast-2.amazonaws.com/letter_image/output_55.png'),(213,0,0,'output_56',0,1,'letterImage','https://culetter.s3.ap-northeast-2.amazonaws.com/letter_image/output_56.png'),(214,0,0.333,'output_57',0,0.667,'letterImage','https://culetter.s3.ap-northeast-2.amazonaws.com/letter_image/output_57.png'),(215,0,1,'output_58',0,0,'letterImage','https://culetter.s3.ap-northeast-2.amazonaws.com/letter_image/output_58.png'),(216,0.667,0.333,'output_59',0,0,'letterImage','https://culetter.s3.ap-northeast-2.amazonaws.com/letter_image/output_59.png'),(217,0,0,'output_60',0.667,0.333,'letterImage','https://culetter.s3.ap-northeast-2.amazonaws.com/letter_image/output_60.png'),(218,0,1,'output_61',0,0,'letterImage','https://culetter.s3.ap-northeast-2.amazonaws.com/letter_image/output_61.png'),(219,0.167,0.667,'output_62',0,0.167,'letterImage','https://culetter.s3.ap-northeast-2.amazonaws.com/letter_image/output_62.png'),(220,0,1,'output_63',0,0,'letterImage','https://culetter.s3.ap-northeast-2.amazonaws.com/letter_image/output_63.png'),(221,0,1,'output_64',0,0,'letterImage','https://culetter.s3.ap-northeast-2.amazonaws.com/letter_image/output_64.png'),(222,0,1,'output_65',0,0,'letterImage','https://culetter.s3.ap-northeast-2.amazonaws.com/letter_image/output_65.png'),(223,0,1,'output_66',0,0,'letterImage','https://culetter.s3.ap-northeast-2.amazonaws.com/letter_image/output_66.png'),(224,0,0.167,'output_67',0.667,0.167,'letterImage','https://culetter.s3.ap-northeast-2.amazonaws.com/letter_image/output_67.png'),(225,0,0.333,'output_68',0,0.667,'letterImage','https://culetter.s3.ap-northeast-2.amazonaws.com/letter_image/output_68.png'),(226,0,0,'output_69',0.167,0.833,'letterImage','https://culetter.s3.ap-northeast-2.amazonaws.com/letter_image/output_69.png'),(227,0,1,'output_70',0,0,'letterImage','https://culetter.s3.ap-northeast-2.amazonaws.com/letter_image/output_70.png'),(228,0,1,'output_71',0,0,'letterImage','https://culetter.s3.ap-northeast-2.amazonaws.com/letter_image/output_71.png'),(229,0.167,0.5,'output_72',0.167,0.167,'letterImage','https://culetter.s3.ap-northeast-2.amazonaws.com/letter_image/output_72.png'),(230,0,1,'output_73',0,0,'letterImage','https://culetter.s3.ap-northeast-2.amazonaws.com/letter_image/output_73.png'),(231,0,0.833,'output_74',0,0.167,'letterImage','https://culetter.s3.ap-northeast-2.amazonaws.com/letter_image/output_74.png'),(232,0,1,'output_75',0,0,'letterImage','https://culetter.s3.ap-northeast-2.amazonaws.com/letter_image/output_75.png'),(233,0,0,'output_76',0,1,'letterImage','https://culetter.s3.ap-northeast-2.amazonaws.com/letter_image/output_76.png'),(234,0,1,'output_77',0,0,'letterImage','https://culetter.s3.ap-northeast-2.amazonaws.com/letter_image/output_77.png'),(235,0,0.833,'output_78',0,0.167,'letterImage','https://culetter.s3.ap-northeast-2.amazonaws.com/letter_image/output_78.png'),(236,0,0,'output_79',0.167,0.833,'letterImage','https://culetter.s3.ap-northeast-2.amazonaws.com/letter_image/output_79.png'),(237,0,0.5,'output_80',0,0.5,'letterImage','https://culetter.s3.ap-northeast-2.amazonaws.com/letter_image/output_80.png'),(238,0.167,0.833,'output_81',0,0,'letterImage','https://culetter.s3.ap-northeast-2.amazonaws.com/letter_image/output_81.png'),(239,0,1,'output_82',0,0,'letterImage','https://culetter.s3.ap-northeast-2.amazonaws.com/letter_image/output_82.png'),(240,0.167,0,'output_83',0.5,0.333,'letterImage','https://culetter.s3.ap-northeast-2.amazonaws.com/letter_image/output_83.png'),(241,0,0.167,'output_84',0,0.833,'letterImage','https://culetter.s3.ap-northeast-2.amazonaws.com/letter_image/output_84.png'),(242,0,1,'output_85',0,0,'letterImage','https://culetter.s3.ap-northeast-2.amazonaws.com/letter_image/output_85.png'),(243,0,0,'output_86',0.667,0.333,'letterImage','https://culetter.s3.ap-northeast-2.amazonaws.com/letter_image/output_86.png'),(244,0,0,'output_87',0.333,0.667,'letterImage','https://culetter.s3.ap-northeast-2.amazonaws.com/letter_image/output_87.png'),(245,0,0,'output_88',0.167,0.833,'letterImage','https://culetter.s3.ap-northeast-2.amazonaws.com/letter_image/output_88.png'),(246,0.333,0,'output_89',0.167,0.5,'letterImage','https://culetter.s3.ap-northeast-2.amazonaws.com/letter_image/output_89.png'),(247,0,1,'output_90',0,0,'letterImage','https://culetter.s3.ap-northeast-2.amazonaws.com/letter_image/output_90.png'),(248,0,1,'output_91',0,0,'letterImage','https://culetter.s3.ap-northeast-2.amazonaws.com/letter_image/output_91.png'),(249,0,0.833,'output_92',0,0.167,'letterImage','https://culetter.s3.ap-northeast-2.amazonaws.com/letter_image/output_92.png'),(250,0,1,'output_93',0,0,'letterImage','https://culetter.s3.ap-northeast-2.amazonaws.com/letter_image/output_93.png'),(251,0.833,0,'output_94',0.167,0,'letterImage','https://culetter.s3.ap-northeast-2.amazonaws.com/letter_image/output_94.png'),(252,0.833,0,'output_95',0.167,0,'letterImage','https://culetter.s3.ap-northeast-2.amazonaws.com/letter_image/output_95.png'),(253,0,0.167,'output_96',0.333,0.5,'letterImage','https://culetter.s3.ap-northeast-2.amazonaws.com/letter_image/output_96.png'),(254,0,0,'output_97',0.5,0.5,'letterImage','https://culetter.s3.ap-northeast-2.amazonaws.com/letter_image/output_97.png'),(255,0,0.333,'output_98',0.167,0.5,'letterImage','https://culetter.s3.ap-northeast-2.amazonaws.com/letter_image/output_98.png'),(256,0,0.333,'output_99',0,0.667,'letterImage','https://culetter.s3.ap-northeast-2.amazonaws.com/letter_image/output_99.png'),(257,0.167,0,'output_100',0.667,0.167,'letterImage','https://culetter.s3.ap-northeast-2.amazonaws.com/letter_image/output_100.png'),(258,0.333,0,'output_101',0.333,0.333,'letterImage','https://culetter.s3.ap-northeast-2.amazonaws.com/letter_image/output_101.png'),(259,0,0,'output_102',0.5,0.5,'letterImage','https://culetter.s3.ap-northeast-2.amazonaws.com/letter_image/output_102.png'),(260,0,1,'output_103',0,0,'letterImage','https://culetter.s3.ap-northeast-2.amazonaws.com/letter_image/output_103.png'),(261,1,0,'output_104',0,0,'letterImage','https://culetter.s3.ap-northeast-2.amazonaws.com/letter_image/output_104.png'),(262,0,1,'output_105',0,0,'letterImage','https://culetter.s3.ap-northeast-2.amazonaws.com/letter_image/output_105.png'),(263,0.333,0,'output_106',0.333,0.333,'letterImage','https://culetter.s3.ap-northeast-2.amazonaws.com/letter_image/output_106.png'),(264,0,0.5,'output_107',0.167,0.333,'letterImage','https://culetter.s3.ap-northeast-2.amazonaws.com/letter_image/output_107.png'),(265,0.167,0,'output_108',0.667,0.167,'letterImage','https://culetter.s3.ap-northeast-2.amazonaws.com/letter_image/output_108.png'),(266,0,1,'output_109',0,0,'letterImage','https://culetter.s3.ap-northeast-2.amazonaws.com/letter_image/output_109.png'),(267,0,1,'output_110',0,0,'letterImage','https://culetter.s3.ap-northeast-2.amazonaws.com/letter_image/output_110.png'),(268,0,1,'output_111',0,0,'letterImage','https://culetter.s3.ap-northeast-2.amazonaws.com/letter_image/output_111.png'),(269,1,0,'output_112',0,0,'letterImage','https://culetter.s3.ap-northeast-2.amazonaws.com/letter_image/output_112.png'),(270,0,1,'output_113',0,0,'letterImage','https://culetter.s3.ap-northeast-2.amazonaws.com/letter_image/output_113.png'),(271,0,1,'output_114',0,0,'letterImage','https://culetter.s3.ap-northeast-2.amazonaws.com/letter_image/output_114.png'),(272,0,1,'output_115',0,0,'letterImage','https://culetter.s3.ap-northeast-2.amazonaws.com/letter_image/output_115.png'),(273,0,0.833,'output_116',0,0.167,'letterImage','https://culetter.s3.ap-northeast-2.amazonaws.com/letter_image/output_116.png'),(274,0,0.833,'output_117',0,0.167,'letterImage','https://culetter.s3.ap-northeast-2.amazonaws.com/letter_image/output_117.png'),(275,1,0,'output_118',0,0,'letterImage','https://culetter.s3.ap-northeast-2.amazonaws.com/letter_image/output_118.png'),(276,0,1,'output_119',0,0,'letterImage','https://culetter.s3.ap-northeast-2.amazonaws.com/letter_image/output_119.png'),(277,0,0,'output_120',0,1,'letterImage','https://culetter.s3.ap-northeast-2.amazonaws.com/letter_image/output_120.png'),(278,0,0.167,'output_121',0.667,0.167,'letterImage','https://culetter.s3.ap-northeast-2.amazonaws.com/letter_image/output_121.png'),(279,0.167,0,'output_122',0.167,0.667,'letterImage','https://culetter.s3.ap-northeast-2.amazonaws.com/letter_image/output_122.png'),(280,0,0,'output_123',0.167,0.833,'letterImage','https://culetter.s3.ap-northeast-2.amazonaws.com/letter_image/output_123.png'),(281,0,0.833,'output_124',0.167,0,'letterImage','https://culetter.s3.ap-northeast-2.amazonaws.com/letter_image/output_124.png'),(282,0.167,0.167,'output_125',0.333,0.333,'letterImage','https://culetter.s3.ap-northeast-2.amazonaws.com/letter_image/output_125.png'),(283,0,1,'output_126',0,0,'letterImage','https://culetter.s3.ap-northeast-2.amazonaws.com/letter_image/output_126.png'),(284,0,0.667,'output_127',0,0.333,'letterImage','https://culetter.s3.ap-northeast-2.amazonaws.com/letter_image/output_127.png'),(285,0,0.167,'output_128',0,0.833,'letterImage','https://culetter.s3.ap-northeast-2.amazonaws.com/letter_image/output_128.png'),(286,0,1,'output_129',0,0,'letterImage','https://culetter.s3.ap-northeast-2.amazonaws.com/letter_image/output_129.png'),(287,0,0.667,'output_130',0.333,0,'letterImage','https://culetter.s3.ap-northeast-2.amazonaws.com/letter_image/output_130.png'),(288,0,1,'output_131',0,0,'letterImage','https://culetter.s3.ap-northeast-2.amazonaws.com/letter_image/output_131.png'),(289,0,0.5,'output_0',0.5,0,'postcardImage','https://culetter.s3.ap-northeast-2.amazonaws.com/postcard_image/output_0.png'),(290,0,0.5,'output_1',0.333,0.167,'postcardImage','https://culetter.s3.ap-northeast-2.amazonaws.com/postcard_image/output_1.png'),(291,0.167,0.333,'output_2',0.333,0.167,'postcardImage','https://culetter.s3.ap-northeast-2.amazonaws.com/postcard_image/output_2.png'),(292,0,0.5,'output_3',0,0.5,'postcardImage','https://culetter.s3.ap-northeast-2.amazonaws.com/postcard_image/output_3.png'),(293,0.167,0.5,'output_4',0.167,0.167,'postcardImage','https://culetter.s3.ap-northeast-2.amazonaws.com/postcard_image/output_4.png'),(294,0,0.5,'output_5',0,0.5,'postcardImage','https://culetter.s3.ap-northeast-2.amazonaws.com/postcard_image/output_5.png'),(295,0,0.833,'output_6',0,0.167,'postcardImage','https://culetter.s3.ap-northeast-2.amazonaws.com/postcard_image/output_6.png'),(296,0.5,0.5,'output_7',0,0,'postcardImage','https://culetter.s3.ap-northeast-2.amazonaws.com/postcard_image/output_7.png'),(297,0.333,0.167,'output_8',0,0.5,'postcardImage','https://culetter.s3.ap-northeast-2.amazonaws.com/postcard_image/output_8.png'),(298,0,0,'output_9',0.833,0.167,'postcardImage','https://culetter.s3.ap-northeast-2.amazonaws.com/postcard_image/output_9.png'),(299,0.167,0.167,'output_10',0,0.667,'postcardImage','https://culetter.s3.ap-northeast-2.amazonaws.com/postcard_image/output_10.png'),(300,0,0.833,'output_11',0,0.167,'postcardImage','https://culetter.s3.ap-northeast-2.amazonaws.com/postcard_image/output_11.png'),(301,0,0.667,'output_12',0.167,0.167,'postcardImage','https://culetter.s3.ap-northeast-2.amazonaws.com/postcard_image/output_12.png'),(302,0,0.667,'output_13',0.167,0.167,'postcardImage','https://culetter.s3.ap-northeast-2.amazonaws.com/postcard_image/output_13.png'),(303,0,0.667,'output_14',0.167,0.167,'postcardImage','https://culetter.s3.ap-northeast-2.amazonaws.com/postcard_image/output_14.png'),(304,0,1,'output_15',0,0,'postcardImage','https://culetter.s3.ap-northeast-2.amazonaws.com/postcard_image/output_15.png'),(305,0,0.167,'output_16',0.667,0.167,'postcardImage','https://culetter.s3.ap-northeast-2.amazonaws.com/postcard_image/output_16.png'),(306,0,1,'output_17',0,0,'postcardImage','https://culetter.s3.ap-northeast-2.amazonaws.com/postcard_image/output_17.png'),(307,0.167,0.667,'output_18',0,0.167,'postcardImage','https://culetter.s3.ap-northeast-2.amazonaws.com/postcard_image/output_18.png'),(308,0,0.167,'output_19',0,0.833,'postcardImage','https://culetter.s3.ap-northeast-2.amazonaws.com/postcard_image/output_19.png'),(309,0,0.167,'output_20',0.167,0.667,'postcardImage','https://culetter.s3.ap-northeast-2.amazonaws.com/postcard_image/output_20.png'),(310,0.333,0.333,'output_21',0,0.333,'postcardImage','https://culetter.s3.ap-northeast-2.amazonaws.com/postcard_image/output_21.png'),(311,0,0.833,'output_22',0,0.167,'postcardImage','https://culetter.s3.ap-northeast-2.amazonaws.com/postcard_image/output_22.png'),(312,0.5,0,'output_23',0.333,0.167,'postcardImage','https://culetter.s3.ap-northeast-2.amazonaws.com/postcard_image/output_23.png'),(313,0,0.667,'output_24',0.167,0.167,'postcardImage','https://culetter.s3.ap-northeast-2.amazonaws.com/postcard_image/output_24.png'),(314,0.5,0.167,'output_25',0.167,0.167,'postcardImage','https://culetter.s3.ap-northeast-2.amazonaws.com/postcard_image/output_25.png'),(315,0,0.833,'output_26',0,0.167,'postcardImage','https://culetter.s3.ap-northeast-2.amazonaws.com/postcard_image/output_26.png'),(316,0,1,'output_27',0,0,'postcardImage','https://culetter.s3.ap-northeast-2.amazonaws.com/postcard_image/output_27.png'),(317,0,0.833,'output_28',0,0.167,'postcardImage','https://culetter.s3.ap-northeast-2.amazonaws.com/postcard_image/output_28.png'),(318,0,0,'output_29',0.833,0.167,'postcardImage','https://culetter.s3.ap-northeast-2.amazonaws.com/postcard_image/output_29.png'),(319,0,0.167,'output_30',0,0.833,'postcardImage','https://culetter.s3.ap-northeast-2.amazonaws.com/postcard_image/output_30.png'),(320,0.333,0.5,'output_31',0,0.167,'postcardImage','https://culetter.s3.ap-northeast-2.amazonaws.com/postcard_image/output_31.png'),(321,0,0.833,'output_32',0,0.167,'postcardImage','https://culetter.s3.ap-northeast-2.amazonaws.com/postcard_image/output_32.png'),(322,0,0.167,'output_33',0.167,0.667,'postcardImage','https://culetter.s3.ap-northeast-2.amazonaws.com/postcard_image/output_33.png'),(323,0,0.333,'output_34',0.167,0.5,'postcardImage','https://culetter.s3.ap-northeast-2.amazonaws.com/postcard_image/output_34.png'),(324,0,0.167,'output_35',0,0.833,'postcardImage','https://culetter.s3.ap-northeast-2.amazonaws.com/postcard_image/output_35.png'),(325,0,1,'output_36',0,0,'postcardImage','https://culetter.s3.ap-northeast-2.amazonaws.com/postcard_image/output_36.png'),(326,0,0.167,'output_37',0,0.833,'postcardImage','https://culetter.s3.ap-northeast-2.amazonaws.com/postcard_image/output_37.png'),(327,0,1,'output_38',0,0,'postcardImage','https://culetter.s3.ap-northeast-2.amazonaws.com/postcard_image/output_38.png'),(328,0,1,'output_39',0,0,'postcardImage','https://culetter.s3.ap-northeast-2.amazonaws.com/postcard_image/output_39.png'),(329,0,1,'output_40',0,0,'postcardImage','https://culetter.s3.ap-northeast-2.amazonaws.com/postcard_image/output_40.png'),(330,0,1,'output_41',0,0,'postcardImage','https://culetter.s3.ap-northeast-2.amazonaws.com/postcard_image/output_41.png'),(331,0,1,'output_42',0,0,'postcardImage','https://culetter.s3.ap-northeast-2.amazonaws.com/postcard_image/output_42.png'),(332,0,1,'output_43',0,0,'postcardImage','https://culetter.s3.ap-northeast-2.amazonaws.com/postcard_image/output_43.png'),(333,0,0.167,'output_44',0,0.833,'postcardImage','https://culetter.s3.ap-northeast-2.amazonaws.com/postcard_image/output_44.png'),(334,0,1,'output_45',0,0,'postcardImage','https://culetter.s3.ap-northeast-2.amazonaws.com/postcard_image/output_45.png'),(335,0.833,0.167,'output_46',0,0,'postcardImage','https://culetter.s3.ap-northeast-2.amazonaws.com/postcard_image/output_46.png'),(336,0,0.833,'output_47',0,0.167,'postcardImage','https://culetter.s3.ap-northeast-2.amazonaws.com/postcard_image/output_47.png'),(337,0.167,0.167,'output_48',0.5,0.167,'postcardImage','https://culetter.s3.ap-northeast-2.amazonaws.com/postcard_image/output_48.png'),(338,0,0.167,'output_49',0.5,0.333,'postcardImage','https://culetter.s3.ap-northeast-2.amazonaws.com/postcard_image/output_49.png'),(339,0,1,'output_50',0,0,'postcardImage','https://culetter.s3.ap-northeast-2.amazonaws.com/postcard_image/output_50.png'),(340,0,0,'output_51',0,1,'postcardImage','https://culetter.s3.ap-northeast-2.amazonaws.com/postcard_image/output_51.png'),(341,0.167,0.167,'output_52',0.333,0.333,'postcardImage','https://culetter.s3.ap-northeast-2.amazonaws.com/postcard_image/output_52.png'),(342,0.167,0.833,'output_53',0,0,'postcardImage','https://culetter.s3.ap-northeast-2.amazonaws.com/postcard_image/output_53.png'),(343,0,0.833,'output_54',0.167,0,'postcardImage','https://culetter.s3.ap-northeast-2.amazonaws.com/postcard_image/output_54.png'),(344,0,0.167,'output_55',0,0.833,'postcardImage','https://culetter.s3.ap-northeast-2.amazonaws.com/postcard_image/output_55.png'),(345,0,1,'output_56',0,0,'postcardImage','https://culetter.s3.ap-northeast-2.amazonaws.com/postcard_image/output_56.png'),(346,0.167,0,'output_0',0.167,0.667,'photocardImage','https://culetter.s3.ap-northeast-2.amazonaws.com/photocard_image/output_0.png'),(347,0,0.833,'output_1',0,0.167,'photocardImage','https://culetter.s3.ap-northeast-2.amazonaws.com/photocard_image/output_1.png'),(348,0.333,0,'output_2',0.333,0.333,'photocardImage','https://culetter.s3.ap-northeast-2.amazonaws.com/photocard_image/output_2.png'),(349,0.167,0.167,'output_3',0.333,0.333,'photocardImage','https://culetter.s3.ap-northeast-2.amazonaws.com/photocard_image/output_3.png'),(350,0,0,'output_4',0.167,0.833,'photocardImage','https://culetter.s3.ap-northeast-2.amazonaws.com/photocard_image/output_4.png'),(351,0,0.167,'output_5',0.167,0.667,'photocardImage','https://culetter.s3.ap-northeast-2.amazonaws.com/photocard_image/output_5.png'),(352,0,1,'output_6',0,0,'photocardImage','https://culetter.s3.ap-northeast-2.amazonaws.com/photocard_image/output_6.png'),(353,0.667,0,'output_7',0.333,0,'photocardImage','https://culetter.s3.ap-northeast-2.amazonaws.com/photocard_image/output_7.png'),(354,0,0.5,'output_8',0,0.5,'photocardImage','https://culetter.s3.ap-northeast-2.amazonaws.com/photocard_image/output_8.png'),(355,0.167,0.167,'output_9',0.167,0.5,'photocardImage','https://culetter.s3.ap-northeast-2.amazonaws.com/photocard_image/output_9.png'),(356,0.5,0.167,'output_10',0.333,0,'photocardImage','https://culetter.s3.ap-northeast-2.amazonaws.com/photocard_image/output_10.png'),(357,0,0.833,'output_11',0,0.167,'photocardImage','https://culetter.s3.ap-northeast-2.amazonaws.com/photocard_image/output_11.png'),(358,0,0.167,'output_12',0.167,0.667,'photocardImage','https://culetter.s3.ap-northeast-2.amazonaws.com/photocard_image/output_12.png'),(359,0,0.5,'output_13',0.5,0,'photocardImage','https://culetter.s3.ap-northeast-2.amazonaws.com/photocard_image/output_13.png'),(360,0,0.5,'output_14',0.167,0.333,'photocardImage','https://culetter.s3.ap-northeast-2.amazonaws.com/photocard_image/output_14.png'),(361,0,1,'output_15',0,0,'photocardImage','https://culetter.s3.ap-northeast-2.amazonaws.com/photocard_image/output_15.png'),(362,0,1,'output_16',0,0,'photocardImage','https://culetter.s3.ap-northeast-2.amazonaws.com/photocard_image/output_16.png'),(363,0,1,'output_17',0,0,'photocardImage','https://culetter.s3.ap-northeast-2.amazonaws.com/photocard_image/output_17.png'),(364,0.167,0.833,'output_18',0,0,'photocardImage','https://culetter.s3.ap-northeast-2.amazonaws.com/photocard_image/output_18.png'),(365,0.167,0.333,'output_19',0.167,0.333,'photocardImage','https://culetter.s3.ap-northeast-2.amazonaws.com/photocard_image/output_19.png'),(366,0,0.5,'output_20',0.167,0.333,'photocardImage','https://culetter.s3.ap-northeast-2.amazonaws.com/photocard_image/output_20.png'),(367,0,1,'output_21',0,0,'photocardImage','https://culetter.s3.ap-northeast-2.amazonaws.com/photocard_image/output_21.png'),(368,0,0.833,'output_22',0,0.167,'photocardImage','https://culetter.s3.ap-northeast-2.amazonaws.com/photocard_image/output_22.png'),(369,0,0,'output_23',0,1,'photocardImage','https://culetter.s3.ap-northeast-2.amazonaws.com/photocard_image/output_23.png'),(370,0.5,0.5,'output_24',0,0,'photocardImage','https://culetter.s3.ap-northeast-2.amazonaws.com/photocard_image/output_24.png'),(371,0,0.167,'output_25',0.167,0.667,'photocardImage','https://culetter.s3.ap-northeast-2.amazonaws.com/photocard_image/output_25.png'),(372,1,0,'output_26',0,0,'photocardImage','https://culetter.s3.ap-northeast-2.amazonaws.com/photocard_image/output_26.png'),(373,0.167,0,'output_27',0.5,0.333,'photocardImage','https://culetter.s3.ap-northeast-2.amazonaws.com/photocard_image/output_27.png'),(374,0.667,0.333,'output_28',0,0,'photocardImage','https://culetter.s3.ap-northeast-2.amazonaws.com/photocard_image/output_28.png'),(375,0.167,0,'output_29',0,0.833,'photocardImage','https://culetter.s3.ap-northeast-2.amazonaws.com/photocard_image/output_29.png'),(376,0.5,0,'output_30',0.5,0,'photocardImage','https://culetter.s3.ap-northeast-2.amazonaws.com/photocard_image/output_30.png'),(377,0,0.833,'output_31',0.167,0,'photocardImage','https://culetter.s3.ap-northeast-2.amazonaws.com/photocard_image/output_31.png'),(378,0.5,0.167,'output_32',0,0.333,'photocardImage','https://culetter.s3.ap-northeast-2.amazonaws.com/photocard_image/output_32.png'),(379,0.5,0,'output_33',0.5,0,'photocardImage','https://culetter.s3.ap-northeast-2.amazonaws.com/photocard_image/output_33.png'),(380,0,1,'output_34',0,0,'photocardImage','https://culetter.s3.ap-northeast-2.amazonaws.com/photocard_image/output_34.png'),(381,0,0.333,'output_35',0.167,0.5,'photocardImage','https://culetter.s3.ap-northeast-2.amazonaws.com/photocard_image/output_35.png'),(382,0,0.167,'output_36',0.333,0.5,'photocardImage','https://culetter.s3.ap-northeast-2.amazonaws.com/photocard_image/output_36.png'),(383,0,0.167,'output_37',0.333,0.5,'photocardImage','https://culetter.s3.ap-northeast-2.amazonaws.com/photocard_image/output_37.png'),(384,0,0.167,'output_38',0.167,0.667,'photocardImage','https://culetter.s3.ap-northeast-2.amazonaws.com/photocard_image/output_38.png'),(385,0.167,0.167,'output_39',0,0.667,'photocardImage','https://culetter.s3.ap-northeast-2.amazonaws.com/photocard_image/output_39.png'),(386,0,1,'output_40',0,0,'photocardImage','https://culetter.s3.ap-northeast-2.amazonaws.com/photocard_image/output_40.png'),(387,0.167,0.167,'output_41',0.167,0.5,'photocardImage','https://culetter.s3.ap-northeast-2.amazonaws.com/photocard_image/output_41.png'),(388,0,0.333,'output_42',0,0.667,'photocardImage','https://culetter.s3.ap-northeast-2.amazonaws.com/photocard_image/output_42.png'),(389,0,1,'output_43',0,0,'photocardImage','https://culetter.s3.ap-northeast-2.amazonaws.com/photocard_image/output_43.png'),(390,0,1,'output_44',0,0,'photocardImage','https://culetter.s3.ap-northeast-2.amazonaws.com/photocard_image/output_44.png'),(391,0,0.833,'output_45',0,0.167,'photocardImage','https://culetter.s3.ap-northeast-2.amazonaws.com/photocard_image/output_45.png'),(392,0,1,'output_46',0,0,'photocardImage','https://culetter.s3.ap-northeast-2.amazonaws.com/photocard_image/output_46.png'),(393,0,1,'output_47',0,0,'photocardImage','https://culetter.s3.ap-northeast-2.amazonaws.com/photocard_image/output_47.png'),(394,0,1,'output_48',0,0,'photocardImage','https://culetter.s3.ap-northeast-2.amazonaws.com/photocard_image/output_48.png'),(395,0,1,'output_49',0,0,'photocardImage','https://culetter.s3.ap-northeast-2.amazonaws.com/photocard_image/output_49.png'),(396,0,1,'output_50',0,0,'photocardImage','https://culetter.s3.ap-northeast-2.amazonaws.com/photocard_image/output_50.png'),(397,0,1,'output_51',0,0,'photocardImage','https://culetter.s3.ap-northeast-2.amazonaws.com/photocard_image/output_51.png'),(398,0,1,'output_52',0,0,'photocardImage','https://culetter.s3.ap-northeast-2.amazonaws.com/photocard_image/output_52.png'),(399,0,1,'output_53',0,0,'photocardImage','https://culetter.s3.ap-northeast-2.amazonaws.com/photocard_image/output_53.png'),(400,0,1,'output_54',0,0,'photocardImage','https://culetter.s3.ap-northeast-2.amazonaws.com/photocard_image/output_54.png'),(401,0,0.333,'output_55',0.5,0.167,'photocardImage','https://culetter.s3.ap-northeast-2.amazonaws.com/photocard_image/output_55.png'),(402,0.5,0.333,'output_56',0,0.167,'photocardImage','https://culetter.s3.ap-northeast-2.amazonaws.com/photocard_image/output_56.png'),(403,0,0.333,'output_57',0.667,0,'photocardImage','https://culetter.s3.ap-northeast-2.amazonaws.com/photocard_image/output_57.png'),(404,0.5,0,'output_58',0.5,0,'photocardImage','https://culetter.s3.ap-northeast-2.amazonaws.com/photocard_image/output_58.png'),(405,0,0.167,'output_59',0,0.833,'photocardImage','https://culetter.s3.ap-northeast-2.amazonaws.com/photocard_image/output_59.png'),(406,0,1,'output_60',0,0,'photocardImage','https://culetter.s3.ap-northeast-2.amazonaws.com/photocard_image/output_60.png');
/*!40000 ALTER TABLE `file` ENABLE KEYS */;
UNLOCK TABLES;

--
-- Table structure for table `friend`
--

DROP TABLE IF EXISTS `friend`;
/*!40101 SET @saved_cs_client     = @@character_set_client */;
/*!50503 SET character_set_client = utf8mb4 */;
CREATE TABLE `friend` (
  `friend_id` bigint(20) NOT NULL AUTO_INCREMENT,
  `is_favorite` varchar(255) COLLATE utf8mb4_unicode_ci DEFAULT NULL,
  `status` tinyint(4) DEFAULT NULL,
  `from_member` bigint(20) DEFAULT NULL,
  `to_member` bigint(20) DEFAULT NULL,
  PRIMARY KEY (`friend_id`),
  KEY `FKq4yl24ngnivank3qepmtjf16f` (`from_member`),
  KEY `FKit6n1c0q2fpyv32xy4a9280n3` (`to_member`),
  CONSTRAINT `FKit6n1c0q2fpyv32xy4a9280n3` FOREIGN KEY (`to_member`) REFERENCES `member` (`member_id`),
  CONSTRAINT `FKq4yl24ngnivank3qepmtjf16f` FOREIGN KEY (`from_member`) REFERENCES `member` (`member_id`)
) ENGINE=InnoDB AUTO_INCREMENT=281 DEFAULT CHARSET=utf8mb4 COLLATE=utf8mb4_unicode_ci;
/*!40101 SET character_set_client = @saved_cs_client */;

--
-- Dumping data for table `friend`
--

LOCK TABLES `friend` WRITE;
/*!40000 ALTER TABLE `friend` DISABLE KEYS */;
INSERT INTO `friend` VALUES (3,'N',0,7,3),(5,'N',0,7,6),(12,'N',0,7,17),(13,'N',0,7,18),(28,'N',0,7,13),(29,'N',0,7,14),(41,'N',0,12,13),(42,'N',0,12,14),(43,'N',0,12,15),(47,'N',0,10,13),(58,'N',0,16,1),(59,'N',0,16,2),(60,'N',0,16,3),(61,'N',0,16,5),(62,'N',0,16,6),(63,'N',1,16,7),(64,'N',1,16,12),(65,'N',1,16,12),(72,'N',0,11,13),(73,'N',0,11,14),(74,'N',0,11,15),(84,'N',1,11,4),(86,'N',0,11,29),(87,'Y',1,11,10),(88,'Y',1,10,11),(91,'N',0,11,1),(92,'N',0,11,2),(93,'N',0,11,3),(94,'N',0,11,5),(95,'N',0,11,6),(96,'Y',1,11,7),(97,'N',0,11,8),(98,'N',0,11,17),(99,'N',0,11,18),(101,'Y',1,11,16),(105,'N',1,11,12),(106,'Y',1,12,11),(107,'N',1,16,11),(108,'Y',1,7,16),(109,'N',1,7,11),(111,'N',0,7,8),(114,'N',0,7,15),(115,'N',0,7,29),(116,'N',1,7,30),(120,'Y',1,31,7),(123,'Y',1,7,31),(124,'N',0,32,33),(125,'Y',1,32,10),(126,'N',1,10,32),(130,'Y',1,31,4),(131,'N',0,31,5),(132,'N',0,31,6),(133,'N',0,31,8),(134,'Y',1,31,10),(135,'N',1,31,11),(137,'N',0,31,13),(138,'N',0,31,14),(139,'N',0,31,15),(143,'N',0,31,29),(145,'Y',1,31,32),(147,'N',0,31,34),(148,'Y',1,4,11),(150,'Y',1,4,31),(151,'N',1,32,31),(152,'N',0,32,1),(153,'N',0,32,2),(154,'N',0,32,3),(155,'N',1,32,4),(156,'N',0,32,5),(157,'N',0,32,6),(159,'N',0,32,8),(160,'N',1,32,11),(162,'N',0,32,13),(164,'N',0,7,2),(165,'N',1,7,10),(166,'N',0,7,33),(167,'N',0,7,34),(168,'N',1,10,31),(169,'N',1,10,7),(170,'N',1,11,31),(172,'N',0,7,35),(173,'N',0,7,36),(174,'N',0,7,37),(175,'N',1,7,38),(176,'N',0,7,1),(178,'N',0,31,36),(179,'N',0,31,37),(180,'N',1,31,38),(181,'N',0,31,35),(182,'Y',1,38,7),(183,'N',1,38,31),(184,'N',1,4,32),(186,'Y',1,40,38),(187,'Y',1,38,40),(188,'N',0,7,39),(189,'N',1,7,40),(190,'N',0,38,39),(191,'Y',1,30,7),(192,'N',0,30,39),(194,'N',1,30,32),(195,'Y',1,30,38),(196,'Y',1,30,40),(197,'N',1,40,30),(198,'N',1,40,7),(199,'N',0,31,17),(200,'N',0,31,18),(201,'N',0,31,39),(203,'N',1,31,40),(207,'N',0,31,33),(209,'N',0,31,16),(233,'N',1,7,4),(234,'N',0,7,5),(235,'N',1,11,32),(236,'N',0,11,39),(237,'N',1,11,38),(238,'N',0,4,33),(239,'N',1,4,7),(241,'N',1,38,30),(242,'N',1,38,11),(244,'N',0,31,42),(245,'N',1,40,31),(250,'N',0,11,30),(251,'N',0,12,30),(254,'N',1,12,38),(258,'N',0,38,42),(259,'N',1,40,42),(260,'N',1,42,40),(261,'N',1,42,4),(262,'N',1,4,42),(263,'N',0,31,1),(264,'N',1,32,30),(265,'N',1,38,12),(266,'N',0,40,4),(273,'N',0,49,7),(279,'N',1,7,46),(280,'N',1,46,7);
/*!40000 ALTER TABLE `friend` ENABLE KEYS */;
UNLOCK TABLES;

--
-- Table structure for table `mail`
--

DROP TABLE IF EXISTS `mail`;
/*!40101 SET @saved_cs_client     = @@character_set_client */;
/*!50503 SET character_set_client = utf8mb4 */;
CREATE TABLE `mail` (
  `mail_id` bigint(20) NOT NULL AUTO_INCREMENT,
  `code` varchar(255) COLLATE utf8mb4_unicode_ci DEFAULT NULL,
  `content` text COLLATE utf8mb4_unicode_ci,
  `content_position` varchar(255) COLLATE utf8mb4_unicode_ci DEFAULT NULL,
  `created_date` datetime(6) DEFAULT NULL,
  `exist_cnt` tinyint(4) DEFAULT NULL,
  `font_color` tinyint(4) DEFAULT NULL,
  `font_order` varchar(255) COLLATE utf8mb4_unicode_ci DEFAULT NULL,
  `font_type` varchar(255) COLLATE utf8mb4_unicode_ci DEFAULT NULL,
  `handwrite_image` varchar(255) COLLATE utf8mb4_unicode_ci DEFAULT NULL,
  `image` varchar(255) COLLATE utf8mb4_unicode_ci DEFAULT NULL,
  `is_read` varchar(255) COLLATE utf8mb4_unicode_ci DEFAULT NULL,
  `mail_type` varchar(255) COLLATE utf8mb4_unicode_ci DEFAULT NULL,
  `music_url` varchar(255) COLLATE utf8mb4_unicode_ci DEFAULT NULL,
  `receiver_email` varchar(255) COLLATE utf8mb4_unicode_ci DEFAULT NULL,
  `receiver_name` varchar(255) COLLATE utf8mb4_unicode_ci DEFAULT NULL,
  `sender_email` varchar(255) COLLATE utf8mb4_unicode_ci DEFAULT NULL,
  `sender_id` bigint(20) DEFAULT NULL,
  `sender_name` varchar(255) COLLATE utf8mb4_unicode_ci DEFAULT NULL,
  `stickers` text COLLATE utf8mb4_unicode_ci,
  `style_url` varchar(255) COLLATE utf8mb4_unicode_ci DEFAULT NULL,
  `title` varchar(255) COLLATE utf8mb4_unicode_ci DEFAULT NULL,
  `background_color` tinyint(4) DEFAULT NULL,
  `underline_color` tinyint(4) DEFAULT NULL,
  `is_font_bold` varchar(255) COLLATE utf8mb4_unicode_ci DEFAULT NULL,
  `font_size` tinyint(4) DEFAULT NULL,
  `music_title` varchar(255) COLLATE utf8mb4_unicode_ci DEFAULT NULL,
  PRIMARY KEY (`mail_id`)
) ENGINE=InnoDB AUTO_INCREMENT=355 DEFAULT CHARSET=utf8mb4 COLLATE=utf8mb4_unicode_ci;
/*!40101 SET character_set_client = @saved_cs_client */;

--
-- Dumping data for table `mail`
--

LOCK TABLES `mail` WRITE;
/*!40000 ALTER TABLE `mail` DISABLE KEYS */;
INSERT INTO `mail` VALUES (312,'aZKD2pkVIXszqcfi','dasf','','2022-04-07 08:45:55.131000',1,0,'justify','0','','','Y','GENERAL','https://culetter.s3.ap-northeast-2.amazonaws.com/music/027.mp3','alonemint@naver.com','','alonemint@gmail.com',7,'','{}','https://culetter.s3.ap-northeast-2.amazonaws.com/letter_image/output_86.png','fsa',1,0,'N',20,'Forgotten Memories'),(313,'3crmEobKMjklpRIX','                 4     .\n\n   7      .   .     .\n\n John Doe  1930   .     .     20 . \n\n     96       .   .     7      . \n\n       .  9   .\n\n .    7      3   . \n\n       . 7.      .\n\n   . 7  ...','','2022-04-07 08:46:30.974000',2,6,'justify','7','','','Y','GENERAL','https://culetter.s3.ap-northeast-2.amazonaws.com/music/001.mp3','test@ssafy.com','','wind9481@naver.com',40,'','{}','https://culetter.s3.ap-northeast-2.amazonaws.com/letter_image/output_1.png',' ',1,0,'N',13,'Acoustic Folk'),(315,'8Y5rwVpThn5Vpqqz','J   J   \n    \n\nJ     J  \n      \n\nJ     \nJ    \nJ     J   \n\nJ   J   \n      \n\nJ     \nJ    \nJ     J   \n\nJ   J   \n      \n\n  ','','2022-04-07 08:50:49.463000',1,0,'justify','0','','','N','GENERAL','https://culetter.s3.ap-northeast-2.amazonaws.com/music/011.mp3','','','test@ssafy.com',42,'','{}','https://culetter.s3.ap-northeast-2.amazonaws.com/letter_image/output_45.png','J (feat. Java, Jenkins, intelliJ, Javascript)',1,0,'N',20,'Bringing Memories'),(317,'vr94mOh8cNH2M0vb','.\n     \n   .\n     \n    .','','2022-04-07 08:52:47.559000',2,NULL,'','','','','Y','GENERAL','',NULL,'','test@ssafy.com',42,'','',NULL,' ',NULL,NULL,'N',NULL,NULL),(318,'o0kh0LMm93dNCt3B','fas','','2022-04-07 08:57:09.893000',2,0,'justify','0','','','Y','PHOTOCARD','https://culetter.s3.ap-northeast-2.amazonaws.com/music/027.mp3','alonemint@gmail.com','','alonemint@naver.com',31,'','[{\"idx\":999,\"type\":\"text\",\"content\":\"fas\",\"position\":{\"x\":0,\"y\":0},\"disabled\":true},{\"idx\":998,\"type\":\"title\",\"content\":\"dafsafasdas\",\"position\":{\"x\":0,\"y\":0},\"disabled\":true}]','https://culetter.s3.ap-northeast-2.amazonaws.com/photocard_image/output_30.png','dafsafasdas',1,0,'N',20,'Forgotten Memories'),(319,'IyDhO2rH0ogYKYhh','','','2022-04-07 09:01:19.183000',1,0,'justify','0','','','Y','GENERAL','https://culetter.s3.ap-northeast-2.amazonaws.com/music/011.mp3','alonemint@naver.com','','alonemint@gmail.com',7,'','{}','https://culetter.s3.ap-northeast-2.amazonaws.com/letter_image/output_45.png','',1,0,'N',20,'Bringing Memories'),(321,'s3TS1Xbl7uxPWnKu','    .\n\n  .\n   .\n\n  .\n  .','','2022-04-07 09:29:24.665000',1,0,'center','10','','','Y','PHOTOCARD','https://culetter.s3.ap-northeast-2.amazonaws.com/music/037.mp3','','','alonemint@gmail.com',7,'','[{\"idx\":999,\"type\":\"text\",\"content\":\"    .\\n\\n  .\\n   .\\n\\n  .\\n  .\",\"position\":{\"x\":47,\"y\":138},\"disabled\":true},{\"idx\":998,\"type\":\"title\",\"content\":\"\",\"position\":{\"x\":-47,\"y\":-198},\"disabled\":true},{\"idx\":0,\"type\":\"sticker\",\"content\":{\"icon\":{\"type\":{},\"compare\":null},\"color\":\"#FD5D5D\",\"idx\":1},\"position\":{\"x\":-117,\"y\":-215},\"disabled\":true},{\"idx\":1,\"type\":\"sticker\",\"content\":{\"icon\":{\"type\":{},\"compare\":null},\"color\":\"#FFD93D\",\"idx\":0},\"position\":{\"x\":-70,\"y\":51},\"disabled\":true}]','https://culetter.s3.ap-northeast-2.amazonaws.com/photocard_image/output_4.png','',5,0,'N',16,'Extreme Drift'),(322,'S74HTNDQCPhMzvPp','.\n\n  .\n ','','2022-04-07 09:34:41.788000',1,1,'center','5','','','Y','PHOTOCARD','https://culetter.s3.ap-northeast-2.amazonaws.com/music/021.mp3','','','alonemint@gmail.com',7,'','[{\"idx\":999,\"type\":\"text\",\"content\":\".\\n\\n  .\\n \",\"position\":{\"x\":32,\"y\":132},\"disabled\":true},{\"idx\":998,\"type\":\"title\",\"content\":\"\",\"position\":{\"x\":-30,\"y\":-189},\"disabled\":true},{\"idx\":0,\"type\":\"sticker\",\"content\":{\"icon\":{\"type\":{},\"compare\":null},\"color\":\"#FFD93D\",\"idx\":2},\"position\":{\"x\":-117,\"y\":-204},\"disabled\":true},{\"idx\":1,\"type\":\"sticker\",\"content\":{\"icon\":{\"type\":{},\"compare\":null},\"color\":\"#FFD93D\",\"idx\":0},\"position\":{\"x\":-31,\"y\":67},\"disabled\":true}]','https://culetter.s3.ap-northeast-2.amazonaws.com/photocard_image/output_41.png','',17,0,'N',22,'Unbroken'),(323,'sZ3hBq9oTkJHI7tc',' ','','2022-04-07 09:36:32.250000',1,1,'justify','4','','','Y','PHOTOCARD','https://culetter.s3.ap-northeast-2.amazonaws.com/music/011.mp3','','','alonemint@gmail.com',7,'','[{\"idx\":999,\"type\":\"text\",\"content\":\" \",\"position\":{\"x\":48,\"y\":36},\"disabled\":true},{\"idx\":998,\"type\":\"title\",\"content\":\"\",\"position\":{\"x\":-55,\"y\":-33},\"disabled\":true},{\"idx\":0,\"type\":\"sticker\",\"content\":{\"icon\":{\"type\":{},\"compare\":null},\"color\":\"#FFD93D\",\"idx\":2},\"position\":{\"x\":-111,\"y\":-49},\"disabled\":true},{\"idx\":1,\"type\":\"sticker\",\"content\":{\"icon\":{\"type\":{},\"compare\":null},\"color\":\"#FFD93D\",\"idx\":0},\"position\":{\"x\":-28,\"y\":16},\"disabled\":true}]','https://culetter.s3.ap-northeast-2.amazonaws.com/photocard_image/output_59.png','',3,0,'N',20,'Bringing Memories'),(324,'TkkBKKUdBVo1KPak',' ?','','2022-04-07 09:39:17.915000',1,1,'justify','15','','','Y','PHOTOCARD','https://culetter.s3.ap-northeast-2.amazonaws.com/music/011.mp3','','','alonemint@gmail.com',7,'','[{\"idx\":999,\"type\":\"text\",\"content\":\" ?\",\"position\":{\"x\":25,\"y\":92},\"disabled\":true},{\"idx\":998,\"type\":\"title\",\"content\":\"\",\"position\":{\"x\":-82,\"y\":-89},\"disabled\":true},{\"idx\":0,\"type\":\"sticker\",\"content\":{\"icon\":{\"type\":{},\"compare\":null},\"color\":\"#FD5D5D\",\"idx\":1},\"position\":{\"x\":96,\"y\":72},\"disabled\":true}]','https://culetter.s3.ap-northeast-2.amazonaws.com/photocard_image/output_5.png','',3,0,'N',26,'Bringing Memories'),(325,'IZUFRzsZsEi00aj0','asd','','2022-04-07 10:05:55.450000',1,0,'justify','0','','','Y','PHOTOCARD','https://culetter.s3.ap-northeast-2.amazonaws.com/music/027.mp3','alonemint@gmail.com','','godooly@doo.ly',10,'','[{\"idx\":999,\"type\":\"text\",\"content\":\"asd\",\"position\":{\"x\":0,\"y\":0},\"disabled\":false},{\"idx\":998,\"type\":\"title\",\"content\":\"asdf\",\"position\":{\"x\":0,\"y\":0},\"disabled\":false}]','https://culetter.s3.ap-northeast-2.amazonaws.com/photocard_image/output_27.png','asdf',1,0,'N',20,'Forgotten Memories'),(326,'NFm5ZdyBfXZRWrdJ','asfsa','','2022-04-07 10:06:09.165000',1,0,'justify','0','','','Y','PHOTOCARD','https://culetter.s3.ap-northeast-2.amazonaws.com/music/001.mp3','','','godooly@doo.ly',10,'','[{\"idx\":999,\"type\":\"text\",\"content\":\"asfsa\",\"position\":{\"x\":0,\"y\":0},\"disabled\":false},{\"idx\":998,\"type\":\"title\",\"content\":\"asfdfdf\",\"position\":{\"x\":0,\"y\":0},\"disabled\":false}]','https://culetter.s3.ap-northeast-2.amazonaws.com/photocard_image/output_6.png','asfdfdf',1,0,'N',20,'Acoustic Folk'),(327,'5pqNcs0fGfdgtYVj','dfas','','2022-04-07 10:08:32.986000',2,0,'justify','0','','','Y','PHOTOCARD','https://culetter.s3.ap-northeast-2.amazonaws.com/music/027.mp3','','','godooly@doo.ly',10,'','[{\"idx\":999,\"type\":\"text\",\"content\":\"dfas\",\"position\":{\"x\":0,\"y\":0},\"disabled\":false},{\"idx\":998,\"type\":\"title\",\"content\":\"vzxcvzxcvvc\",\"position\":{\"x\":0,\"y\":0},\"disabled\":false}]','https://culetter.s3.ap-northeast-2.amazonaws.com/photocard_image/output_57.png','vzxcvzxcvvc',1,0,'N',20,'Forgotten Memories'),(328,'FWSqqlCJ383aILmR','sdaf','','2022-04-07 10:32:17.014000',1,0,'justify','0','','','Y','PHOTOCARD','https://culetter.s3.ap-northeast-2.amazonaws.com/music/027.mp3','','','godooly@doo.ly',10,'','[{\"idx\":999,\"type\":\"text\",\"content\":\"sdaf\",\"position\":{\"x\":0,\"y\":0},\"disabled\":false},{\"idx\":998,\"type\":\"title\",\"content\":\"dffdf\",\"position\":{\"x\":0,\"y\":0},\"disabled\":false}]','https://culetter.s3.ap-northeast-2.amazonaws.com/photocard_image/output_57.png','dffdf',1,0,'N',20,'Forgotten Memories'),(329,'f7hAID2lESrCfR4O','...................','','2022-04-07 10:58:17.592000',2,NULL,'','','','','Y','PHOTOCARD','','alonemint@gmail.com','','dkfkqldk97@naver.com',30,'','',NULL,'',NULL,NULL,'N',NULL,NULL),(330,'uAVBJspnxOqROL2L',' !!!!','','2022-04-07 10:59:08.094000',2,NULL,'','','','','N','POSTCARD','','alonemint@gmail.com','','dkfkqldk97@naver.com',30,'','',NULL,'',NULL,NULL,'N',NULL,NULL),(331,'mi1wNIQE3MRP076V','  ?????','','2022-04-07 10:59:21.789000',2,NULL,'','','','','Y','PHOTOCARD','','alonemint@gmail.com','','dkfkqldk97@naver.com',30,'','',NULL,'!!!',NULL,NULL,'N',NULL,NULL),(332,'BFxw5lrOH3TfEDID','     \n\n       \n\n   \n\n    \n\n   \n\n ','','2022-04-07 11:19:33.045000',1,0,'center','5','','','Y','PHOTOCARD','https://culetter.s3.ap-northeast-2.amazonaws.com/music/003.mp3','','','dkfkqldk97@naver.com',30,'','[{\"idx\":999,\"type\":\"text\",\"content\":\"     \\n\\n       \\n\\n   \\n\\n    \\n\\n   \\n\\n \",\"position\":{\"x\":0,\"y\":0},\"disabled\":true},{\"idx\":998,\"type\":\"title\",\"content\":\"\",\"position\":{\"x\":-4,\"y\":-213},\"disabled\":true},{\"idx\":0,\"type\":\"sticker\",\"content\":{\"icon\":{\"type\":{},\"compare\":null},\"color\":\"#FD5D5D\",\"idx\":1},\"position\":{\"x\":97,\"y\":-150},\"disabled\":true}]','https://culetter.s3.ap-northeast-2.amazonaws.com/photocard_image/output_17.png','',5,0,'N',14,'Successful Sompany'),(333,'mxEsIqJosU7A7L07','  \n   \n  \n  \n\n \n  \n \n \n \n  \n\n  \n   \n    \n  \n   \n\n \n   \n \n \n \n  \n\n  \n   \n    \n  \n   \n\n   \n  \n \n\n   \n    \n  \n   \n\n   ','','2022-04-07 11:20:27.609000',1,0,'justify','5','','','Y','GENERAL','https://culetter.s3.ap-northeast-2.amazonaws.com/music/008.mp3','','','dkfkqldk97@naver.com',30,'','[{\"idx\":999,\"type\":\"text\",\"content\":\"     \\n\\n       \\n\\n   \\n\\n    \\n\\n   \\n\\n \",\"position\":{\"x\":0,\"y\":0},\"disabled\":true},{\"idx\":998,\"type\":\"title\",\"content\":\"\",\"position\":{\"x\":-4,\"y\":-213},\"disabled\":true},{\"idx\":0,\"type\":\"sticker\",\"content\":{\"icon\":{\"type\":{},\"compare\":null},\"color\":\"#FD5D5D\",\"idx\":1},\"position\":{\"x\":97,\"y\":-150},\"disabled\":true}]','https://culetter.s3.ap-northeast-2.amazonaws.com/letter_image/output_35.png','',5,0,'N',15,'Friends'),(334,'LbHV4bLDeO2YDMW8','   \n  \n \n','','2022-04-07 11:21:14.265000',1,0,'justify','4','','','Y','POSTCARD','https://culetter.s3.ap-northeast-2.amazonaws.com/music/067.mp3','','','dkfkqldk97@naver.com',30,'','[{\"idx\":999,\"type\":\"text\",\"content\":\"     \\n\\n       \\n\\n   \\n\\n    \\n\\n   \\n\\n \",\"position\":{\"x\":0,\"y\":0},\"disabled\":true},{\"idx\":998,\"type\":\"title\",\"content\":\"\",\"position\":{\"x\":-4,\"y\":-213},\"disabled\":true},{\"idx\":0,\"type\":\"sticker\",\"content\":{\"icon\":{\"type\":{},\"compare\":null},\"color\":\"#FD5D5D\",\"idx\":1},\"position\":{\"x\":97,\"y\":-150},\"disabled\":true}]','https://culetter.s3.ap-northeast-2.amazonaws.com/postcard_image/output_45.png','',5,5,'N',20,'The Whispering Shadow'),(335,'BOfdiupcxnWZ73aZ','','','2022-04-07 11:27:27.061000',2,0,'justify','0','','','Y','PHOTOCARD','https://culetter.s3.ap-northeast-2.amazonaws.com/music/011.mp3','','','godooly@doo.ly',10,'','[{\"idx\":999,\"type\":\"text\",\"content\":\"\",\"position\":{\"x\":0,\"y\":0},\"disabled\":false},{\"idx\":998,\"type\":\"title\",\"content\":\"\",\"position\":{\"x\":0,\"y\":0},\"disabled\":false}]','https://culetter.s3.ap-northeast-2.amazonaws.com/photocard_image/output_23.png','',1,0,'N',20,'Bringing Memories'),(336,'WWfSS2IS8ZDjipK3','asd','','2022-04-07 11:48:56.060000',1,0,'justify','0','','','Y','PHOTOCARD','https://culetter.s3.ap-northeast-2.amazonaws.com/music/027.mp3','alonemint@naver.com','','alonemint@gmail.com',7,'','[{\"idx\":999,\"type\":\"text\",\"content\":\"asd\",\"position\":{\"x\":0,\"y\":0},\"disabled\":true},{\"idx\":998,\"type\":\"title\",\"content\":\"asd\",\"position\":{\"x\":0,\"y\":0},\"disabled\":true}]','https://culetter.s3.ap-northeast-2.amazonaws.com/photocard_image/output_27.png','asd',1,0,'N',20,'Forgotten Memories'),(337,'zrcgKPSXCw2cvxjX',' \n   \n  \n     \n   ','','2022-04-07 11:51:36.489000',1,1,'right','5','','','N','PHOTOCARD','https://culetter.s3.ap-northeast-2.amazonaws.com/music/012.mp3','','','rudguq439@naver.com',38,'','[{\"idx\":999,\"type\":\"text\",\"content\":\" \\n   \\n  \\n     \\n   \",\"position\":{\"x\":15,\"y\":138},\"disabled\":true},{\"idx\":998,\"type\":\"title\",\"content\":\" \",\"position\":{\"x\":113,\"y\":51},\"disabled\":true},{\"idx\":0,\"type\":\"sticker\",\"content\":{\"icon\":{\"type\":{},\"compare\":null},\"color\":\"#FFD93D\",\"idx\":0},\"position\":{\"x\":53,\"y\":-201},\"disabled\":true},{\"idx\":1,\"type\":\"sticker\",\"content\":{\"icon\":{\"type\":{},\"compare\":null},\"color\":\"#FFD93D\",\"idx\":2},\"position\":{\"x\":50,\"y\":11},\"disabled\":true}]','https://culetter.s3.ap-northeast-2.amazonaws.com/photocard_image/output_23.png',' ',0,0,'N',16,'Space Travel'),(338,'BukxqlI6mIhwfcIs','     ,  !\n\n         , \n\n        \n\n       \n\n        .\n','','2022-04-07 12:10:23.895000',1,30,'center','5','','','Y','PHOTOCARD','https://culetter.s3.ap-northeast-2.amazonaws.com/music/044.mp3','','','alonemint@gmail.com',7,'','[{\"idx\":999,\"type\":\"text\",\"content\":\"     ,  !\\n\\n         , \\n\\n        \\n\\n       \\n\\n        .\\n\",\"position\":{\"x\":0,\"y\":33},\"disabled\":true},{\"idx\":998,\"type\":\"title\",\"content\":\" \",\"position\":{\"x\":-117,\"y\":-207},\"disabled\":true},{\"idx\":0,\"type\":\"sticker\",\"content\":{\"icon\":{\"type\":{},\"compare\":null},\"color\":\"#FD5D5D\",\"idx\":1},\"position\":{\"x\":82,\"y\":181},\"disabled\":true},{\"idx\":1,\"type\":\"sticker\",\"content\":{\"icon\":{\"type\":{},\"compare\":null},\"color\":\"#E4AEC5\",\"idx\":3},\"position\":{\"x\":94,\"y\":-206},\"disabled\":true}]','https://culetter.s3.ap-northeast-2.amazonaws.com/photocard_image/output_16.png',' ',13,0,'N',14,'Christmas Season'),(339,'Q3mY2DGOnLrzA7BN','                 4     .\n\n   7      .   .     .\n\n John Doe  1930   .     .     20 .\n\n     96       .   .     7      .\n\n       .  9   .\n\n .    7      3   .\n\n       . 7.      .\n\n   . 7  ...','','2022-04-07 12:55:13.606000',2,6,'left','7','','','Y','GENERAL','https://culetter.s3.ap-northeast-2.amazonaws.com/music/001.mp3','','','wind9481@naver.com',40,'','{}','https://culetter.s3.ap-northeast-2.amazonaws.com/letter_image/output_1.png',' ',1,0,'N',14,'Acoustic Folk'),(340,'GVTlDYKTLzp2sgyz','','','2022-04-07 15:43:13.656000',1,NULL,'','','','','N','PHOTOCARD','','','','psa9456@naver.com',44,'','',NULL,'',NULL,NULL,'N',NULL,NULL),(341,'AZhig8kQii3ik8wV','  ','','2022-04-07 15:56:04.706000',1,0,'justify','0','','','Y','POSTCARD','https://culetter.s3.ap-northeast-2.amazonaws.com/music/012.mp3','','','ironylovely@naver.com',45,'','{}','https://culetter.s3.ap-northeast-2.amazonaws.com/postcard_image/output_51.png','',1,0,'N',20,'Space Travel'),(342,'MF6o6pxRRRo3YWXb','   7   .   \n    !! \n    ~.~','','2022-04-07 16:33:58.721000',2,1,'justify','3','','','Y','PHOTOCARD','https://culetter.s3.ap-northeast-2.amazonaws.com/music/001.mp3','','','mapleapril@naver.com',32,'','[{\"idx\":999,\"type\":\"text\",\"content\":\"   7   .   \\n    !! \\n    ~.~\",\"position\":{\"x\":0,\"y\":-113},\"disabled\":true},{\"idx\":998,\"type\":\"title\",\"content\":\"  !!\",\"position\":{\"x\":71,\"y\":195},\"disabled\":true},{\"idx\":0,\"type\":\"sticker\",\"content\":{\"icon\":{\"type\":{},\"compare\":null},\"color\":\"#FFD93D\",\"idx\":2},\"position\":{\"x\":106,\"y\":145},\"disabled\":true},{\"idx\":1,\"type\":\"sticker\",\"content\":{\"icon\":{\"type\":{},\"compare\":null},\"color\":\"#E4AEC5\",\"idx\":3},\"position\":{\"x\":-120,\"y\":159},\"disabled\":true},{\"idx\":2,\"type\":\"sticker\",\"content\":{\"icon\":{\"type\":{},\"compare\":null},\"color\":\"#FD5D5D\",\"idx\":1},\"position\":{\"x\":-148,\"y\":-214},\"disabled\":true},{\"idx\":3,\"type\":\"sticker\",\"content\":{\"icon\":{\"type\":{},\"compare\":null},\"color\":\"#FF8080\",\"idx\":7},\"position\":{\"x\":-41,\"y\":190},\"disabled\":true},{\"idx\":4,\"type\":\"sticker\",\"content\":{\"icon\":{\"type\":{},\"compare\":null},\"color\":\"#FFD93D\",\"idx\":8},\"position\":{\"x\":89,\"y\":-32},\"disabled\":true},{\"idx\":5,\"type\":\"sticker\",\"content\":{\"icon\":{\"type\":{},\"compare\":null},\"color\":\"#FFD93D\",\"idx\":8},\"position\":{\"x\":63,\"y\":-32},\"disabled\":true},{\"idx\":6,\"type\":\"sticker\",\"content\":{\"icon\":{\"type\":{},\"compare\":null},\"color\":\"#FFD93D\",\"idx\":8},\"position\":{\"x\":31,\"y\":-29},\"disabled\":true},{\"idx\":7,\"type\":\"sticker\",\"content\":{\"icon\":{\"type\":{},\"compare\":null},\"color\":\"#FFD93D\",\"idx\":8},\"position\":{\"x\":0,\"y\":0},\"disabled\":true},{\"idx\":8,\"type\":\"sticker\",\"content\":{\"icon\":{\"type\":{},\"compare\":null},\"color\":\"#FFD93D\",\"idx\":8},\"position\":{\"x\":-1,\"y\":-30},\"disabled\":true}]','https://culetter.s3.ap-northeast-2.amazonaws.com/photocard_image/output_53.png','  !!',3,0,'N',22,'Acoustic Folk'),(343,'i1imOwLe4qNADbVg','  \n   \n   \n   \n  \n         \n   \n   \n    \n      \n      \n  \n   \n   \n  \n   \n       \n   \nAs time, time for the moon night\n   \n    ()\n     \n     \n     \n  \n   \n   \n  \n   \n     \n    \n  \n      \n  \n   \n  \n  \n  \n   \n      \n  \nAs time time for the moon night\n   ','','2022-04-07 16:36:37.878000',2,18,'center','5','','','Y','GENERAL','https://culetter.s3.ap-northeast-2.amazonaws.com/music/003.mp3','','','mapleapril@naver.com',32,'','[{\"idx\":999,\"type\":\"text\",\"content\":\"   7   .   \\n    !! \\n    ~.~\",\"position\":{\"x\":0,\"y\":-113},\"disabled\":true},{\"idx\":998,\"type\":\"title\",\"content\":\"  !!\",\"position\":{\"x\":71,\"y\":195},\"disabled\":true},{\"idx\":0,\"type\":\"sticker\",\"content\":{\"icon\":{\"type\":{},\"compare\":null},\"color\":\"#FFD93D\",\"idx\":2},\"position\":{\"x\":106,\"y\":145},\"disabled\":true},{\"idx\":1,\"type\":\"sticker\",\"content\":{\"icon\":{\"type\":{},\"compare\":null},\"color\":\"#E4AEC5\",\"idx\":3},\"position\":{\"x\":-120,\"y\":159},\"disabled\":true},{\"idx\":2,\"type\":\"sticker\",\"content\":{\"icon\":{\"type\":{},\"compare\":null},\"color\":\"#FD5D5D\",\"idx\":1},\"position\":{\"x\":-148,\"y\":-214},\"disabled\":true},{\"idx\":3,\"type\":\"sticker\",\"content\":{\"icon\":{\"type\":{},\"compare\":null},\"color\":\"#FF8080\",\"idx\":7},\"position\":{\"x\":-41,\"y\":190},\"disabled\":true},{\"idx\":4,\"type\":\"sticker\",\"content\":{\"icon\":{\"type\":{},\"compare\":null},\"color\":\"#FFD93D\",\"idx\":8},\"position\":{\"x\":89,\"y\":-32},\"disabled\":true},{\"idx\":5,\"type\":\"sticker\",\"content\":{\"icon\":{\"type\":{},\"compare\":null},\"color\":\"#FFD93D\",\"idx\":8},\"position\":{\"x\":63,\"y\":-32},\"disabled\":true},{\"idx\":6,\"type\":\"sticker\",\"content\":{\"icon\":{\"type\":{},\"compare\":null},\"color\":\"#FFD93D\",\"idx\":8},\"position\":{\"x\":31,\"y\":-29},\"disabled\":true},{\"idx\":7,\"type\":\"sticker\",\"content\":{\"icon\":{\"type\":{},\"compare\":null},\"color\":\"#FFD93D\",\"idx\":8},\"position\":{\"x\":0,\"y\":0},\"disabled\":true},{\"idx\":8,\"type\":\"sticker\",\"content\":{\"icon\":{\"type\":{},\"compare\":null},\"color\":\"#FFD93D\",\"idx\":8},\"position\":{\"x\":-1,\"y\":-30},\"disabled\":true}]','https://culetter.s3.ap-northeast-2.amazonaws.com/letter_image/output_73.png','Time for the moon night',3,0,'Y',22,'Successful Sompany'),(344,'oNqgQcf7OnebTOtD','         \n\n     ','','2022-04-07 16:41:22.859000',1,18,'justify','10','','','Y','POSTCARD','https://culetter.s3.ap-northeast-2.amazonaws.com/music/079.mp3','alonemint@gmail.com','','mapleapril@naver.com',32,'','[{\"idx\":999,\"type\":\"text\",\"content\":\"   7   .   \\n    !! \\n    ~.~\",\"position\":{\"x\":0,\"y\":-113},\"disabled\":true},{\"idx\":998,\"type\":\"title\",\"content\":\"  !!\",\"position\":{\"x\":71,\"y\":195},\"disabled\":true},{\"idx\":0,\"type\":\"sticker\",\"content\":{\"icon\":{\"type\":{},\"compare\":null},\"color\":\"#FFD93D\",\"idx\":2},\"position\":{\"x\":106,\"y\":145},\"disabled\":true},{\"idx\":1,\"type\":\"sticker\",\"content\":{\"icon\":{\"type\":{},\"compare\":null},\"color\":\"#E4AEC5\",\"idx\":3},\"position\":{\"x\":-120,\"y\":159},\"disabled\":true},{\"idx\":2,\"type\":\"sticker\",\"content\":{\"icon\":{\"type\":{},\"compare\":null},\"color\":\"#FD5D5D\",\"idx\":1},\"position\":{\"x\":-148,\"y\":-214},\"disabled\":true},{\"idx\":3,\"type\":\"sticker\",\"content\":{\"icon\":{\"type\":{},\"compare\":null},\"color\":\"#FF8080\",\"idx\":7},\"position\":{\"x\":-41,\"y\":190},\"disabled\":true},{\"idx\":4,\"type\":\"sticker\",\"content\":{\"icon\":{\"type\":{},\"compare\":null},\"color\":\"#FFD93D\",\"idx\":8},\"position\":{\"x\":89,\"y\":-32},\"disabled\":true},{\"idx\":5,\"type\":\"sticker\",\"content\":{\"icon\":{\"type\":{},\"compare\":null},\"color\":\"#FFD93D\",\"idx\":8},\"position\":{\"x\":63,\"y\":-32},\"disabled\":true},{\"idx\":6,\"type\":\"sticker\",\"content\":{\"icon\":{\"type\":{},\"compare\":null},\"color\":\"#FFD93D\",\"idx\":8},\"position\":{\"x\":31,\"y\":-29},\"disabled\":true},{\"idx\":7,\"type\":\"sticker\",\"content\":{\"icon\":{\"type\":{},\"compare\":null},\"color\":\"#FFD93D\",\"idx\":8},\"position\":{\"x\":0,\"y\":0},\"disabled\":true},{\"idx\":8,\"type\":\"sticker\",\"content\":{\"icon\":{\"type\":{},\"compare\":null},\"color\":\"#FFD93D\",\"idx\":8},\"position\":{\"x\":-1,\"y\":-30},\"disabled\":true}]','https://culetter.s3.ap-northeast-2.amazonaws.com/postcard_image/output_19.png','CU;LETTER ',5,5,'Y',24,'Lounge Time'),(345,'Vg6nqTG9GYd3vcH4','    \n     \n         \n      \n\n     \n     \n      \n      \n       \n  \n  \n\n     \n     \n      \n      \n       \n  \n  ','','2022-04-07 16:48:42.966000',1,3,'center','2','','','Y','PHOTOCARD','https://culetter.s3.ap-northeast-2.amazonaws.com/music/001.mp3','alonemint@gmail.com','','aprilsmaple@gmail.com',46,'','[{\"idx\":999,\"type\":\"text\",\"content\":\"    \\n     \\n         \\n      \\n\\n     \\n     \\n      \\n      \\n       \\n  \\n  \\n\\n     \\n     \\n      \\n      \\n       \\n  \\n  \",\"position\":{\"x\":3,\"y\":12},\"disabled\":true},{\"idx\":998,\"type\":\"title\",\"content\":\"\",\"position\":{\"x\":-11,\"y\":-217},\"disabled\":true},{\"idx\":0,\"type\":\"sticker\",\"content\":{\"icon\":{\"type\":{},\"compare\":null},\"color\":\"#A12568\",\"idx\":6},\"position\":{\"x\":6,\"y\":-229},\"disabled\":true}]','https://culetter.s3.ap-northeast-2.amazonaws.com/photocard_image/output_29.png','',10,0,'N',12,'Acoustic Folk'),(346,'bx2DaUZ0Ee3MFZyg','...    ...  ?\n\n    ,     ,       ,      ...\n\n  ..    ?    \n\n...  ...\n\n  ..   ...\n  ,   ..\n               \n\n!      !!','','2022-04-07 17:04:40.549000',2,0,'center','3','','','Y','POSTCARD','https://culetter.s3.ap-northeast-2.amazonaws.com/music/001.mp3','alonemint@naver.com','','godooly@doo.ly',10,'','{}','https://culetter.s3.ap-northeast-2.amazonaws.com/postcard_image/output_15.png','.. ',10,10,'N',20,'Acoustic Folk'),(349,'E1xFbVwFpcIO7n9c','','','2022-04-07 20:30:30.540000',1,0,'justify','0','','','Y','PHOTOCARD','https://culetter.s3.ap-northeast-2.amazonaws.com/music/011.mp3','godooly@doo.ly','','mapleapril@naver.com',32,'','[{\"idx\":999,\"type\":\"text\",\"content\":\"\",\"position\":{\"x\":0,\"y\":0},\"disabled\":false},{\"idx\":998,\"type\":\"title\",\"content\":\"\",\"position\":{\"x\":0,\"y\":0},\"disabled\":false}]','https://culetter.s3.ap-northeast-2.amazonaws.com/photocard_image/output_23.png','',1,0,'N',20,'Bringing Memories'),(351,'SrgYeL8AcT29Ektu','','','2022-04-07 20:54:54.573000',1,0,'justify','0','','','Y','PHOTOCARD','https://culetter.s3.ap-northeast-2.amazonaws.com/music/011.mp3','godooly@doo.ly','','mapleapril@naver.com',32,'','[{\"idx\":999,\"type\":\"text\",\"content\":\"\",\"position\":{\"x\":0,\"y\":0},\"disabled\":false},{\"idx\":998,\"type\":\"title\",\"content\":\"\",\"position\":{\"x\":0,\"y\":0},\"disabled\":false}]','https://culetter.s3.ap-northeast-2.amazonaws.com/photocard_image/output_23.png','',1,0,'N',20,'Bringing Memories'),(353,'AUZxqdGZDW1j9kqF','     \n    \n     \n   \n\n    \n    \n\nHey you, don\'t forget     \n      \n\nHey you, don\'t forget     \n      \n\n     ','','2022-04-07 21:39:34.319000',2,3,'justify','0','','','Y','PHOTOCARD','https://culetter.s3.ap-northeast-2.amazonaws.com/music/012.mp3','','','aprilsmaple@gmail.com',46,'','[{\"idx\":999,\"type\":\"text\",\"content\":\"     \\n    \\n     \\n   \\n\\n    \\n    \\n\\nHey you, don\'t forget     \\n      \\n\\nHey you, don\'t forget     \\n      \\n\\n     \",\"position\":{\"x\":0,\"y\":0},\"disabled\":true},{\"idx\":998,\"type\":\"title\",\"content\":\"Track 9\",\"position\":{\"x\":93,\"y\":211},\"disabled\":true},{\"idx\":0,\"type\":\"sticker\",\"content\":{\"icon\":{\"type\":{},\"compare\":null},\"color\":\"#FFD93D\",\"idx\":2},\"position\":{\"x\":96,\"y\":-223},\"disabled\":true},{\"idx\":1,\"type\":\"sticker\",\"content\":{\"icon\":{\"type\":{},\"compare\":null},\"color\":\"#FFD93D\",\"idx\":0},\"position\":{\"x\":57,\"y\":-215},\"disabled\":true}]','https://culetter.s3.ap-northeast-2.amazonaws.com/photocard_image/output_29.png','Track 9',18,0,'Y',14,'Space Travel'),(354,'4LAP7qsLjG86EshS','dsfsdfsd','','2022-04-08 00:01:28.102000',2,0,'justify','0','','','N','GENERAL','https://culetter.s3.ap-northeast-2.amazonaws.com/music/027.mp3','kdh494849@gmail.com','KDH123','test@ssafy.com',42,'','{}','https://culetter.s3.ap-northeast-2.amazonaws.com/letter_image/output_67.png','adfs',1,0,'N',20,'Forgotten Memories');
/*!40000 ALTER TABLE `mail` ENABLE KEYS */;
UNLOCK TABLES;

--
-- Table structure for table `member`
--

DROP TABLE IF EXISTS `member`;
/*!40101 SET @saved_cs_client     = @@character_set_client */;
/*!50503 SET character_set_client = utf8mb4 */;
CREATE TABLE `member` (
  `member_id` bigint(20) NOT NULL AUTO_INCREMENT,
  `created_date` datetime(6) DEFAULT NULL,
  `email` varchar(255) COLLATE utf8mb4_unicode_ci DEFAULT NULL,
  `kakao_id` varchar(255) COLLATE utf8mb4_unicode_ci DEFAULT NULL,
  `name` varchar(255) COLLATE utf8mb4_unicode_ci DEFAULT NULL,
  `password` varchar(255) COLLATE utf8mb4_unicode_ci DEFAULT NULL,
  `profile_image` varchar(255) COLLATE utf8mb4_unicode_ci DEFAULT NULL,
  `status` tinyint(4) DEFAULT NULL,
  `updated_date` datetime(6) DEFAULT NULL,
  PRIMARY KEY (`member_id`)
) ENGINE=InnoDB AUTO_INCREMENT=50 DEFAULT CHARSET=utf8mb4 COLLATE=utf8mb4_unicode_ci;
/*!40101 SET character_set_client = @saved_cs_client */;

--
-- Dumping data for table `member`
--

LOCK TABLES `member` WRITE;
/*!40000 ALTER TABLE `member` DISABLE KEYS */;
INSERT INTO `member` VALUES (1,'2022-03-30 07:05:52.019000','gogildong@gil.dong',NULL,'','$2a$10$S60o84tSxoT.aZWppOQzuuNV/8AdaPMIra3j9akvwlDuUEsQCADMu',NULL,1,'2022-03-30 07:05:52.019000'),(2,'2022-03-30 07:05:59.373000','honggildong@gil.dong',NULL,'','$2a$10$2os9DhImrQemSqTbWdTGhuPDE9ljnnjkB.VgA/.JurrPXs9Sdm4Mu',NULL,1,'2022-03-30 07:05:59.373000'),(3,'2022-03-30 07:06:05.533000','parkgildong@gil.dong',NULL,'','$2a$10$0OYIhxBohwTiURmKsZds2OZ2rHoeUwFbFMuEuhABDz3kn8bdqbSjG',NULL,1,'2022-03-30 07:06:05.533000'),(4,'2022-03-30 07:06:10.212000','kdh494849@gmail.com',NULL,'KDH123','$2a$10$UrVTcOnscdtgq5ViZajxzulfBmUVNGwGPUbOyf78hmV2bzmLCzoIa','https://culetter.s3.ap-northeast-2.amazonaws.com/profile_image/06e11551-7626-4e30-b014-d5a5c2224d52-1649235817215',1,'2022-04-06 09:08:34.457000'),(5,'2022-03-30 07:06:11.960000','kanggildong@gil.dong',NULL,'','$2a$10$WA7fHsK5GlrBolg.982A0.1zuKM535MjSMsLuJCkMTFfx6bQrEXN6',NULL,1,'2022-03-30 07:06:11.960000'),(6,'2022-03-30 07:06:22.721000','choigildong@gil.dong',NULL,'','$2a$10$vyz5Lh9I1.CIYvvlg6Qv0.OWr7Jg9cvYF.PvXQ9sANcKFKtrYFo7K',NULL,1,'2022-03-30 07:06:22.721000'),(7,'2022-03-30 07:08:28.629000','alonemint@gmail.com',NULL,'','$2a$10$i28BX6QehBQ46ffG/95dXeOMlrB/VQxW4jsTGfVegYamSBd3gVpUq','https://culetter.s3.ap-northeast-2.amazonaws.com/profile_image/257efe41-a4f9-43a9-bcbc-d8498197434a-1649298293805',1,'2022-04-07 09:08:09.271000'),(8,'2022-03-30 07:28:30.067000','ssafy@ssafy.com',NULL,'ssafy','$2a$10$Tuv34Ou0J0gI7Ec4eVfHpuZZ4iaDsMMaMNMV2nbfjx3b.AnIz1UHG',NULL,1,'2022-03-30 07:28:30.067000'),(10,'2022-03-30 07:46:29.866000','godooly@doo.ly',NULL,'','$2a$10$FBN0nVD6413B.vAFNA6TXetMdXHkdaKhVOpHrMyPTHDhvIkpBwh72',NULL,1,'2022-03-30 07:46:29.866000'),(11,'2022-03-30 07:46:38.002000','kangdooly@doo.ly',NULL,'','$2a$10$46CQeh766vSQnprYINNu4OszFkGl76FYLNm26z2g4vMa1rDugQ/Lm',NULL,1,'2022-03-30 07:46:38.002000'),(12,'2022-03-30 07:46:44.278000','parkdooly@doo.ly',NULL,'','$2a$10$DMsRzUD91TI2iPGL0VF6m.Aype8J7.cJnHUUjACHZqm0owK1FnKmq',NULL,1,'2022-03-30 07:46:44.278000'),(13,'2022-03-30 07:46:50.756000','choidooly@doo.ly',NULL,'','$2a$10$2iYDaO0pMYpmFffs5OiqsuoRqnsR1SP8n7wx21UmqfnbX6bK3nUxm',NULL,1,'2022-03-30 07:46:50.756000'),(14,'2022-03-30 07:58:06.072000','leedooly@doo.ly',NULL,'','$2a$10$BmDc1hDxV9wEyqCPX7WlR.X4xQ02zaaInUJLpoWIzKKb05kw9/lbm',NULL,1,'2022-03-30 07:58:06.072000'),(15,'2022-03-30 08:12:40.759000','hongdooly@doo.ly',NULL,'','$2a$10$gXGIo4YESoQZCj5ADpcRre4uqCBChcG5tqU1NwuKnUGEDcshn3kdm',NULL,1,'2022-03-30 08:12:40.759000'),(16,'2022-03-30 08:15:52.145000','kimdooly@doo.ly',NULL,'','$2a$10$544fQYNz1e/y.Xc2Wyl4G.4qa6BLFb4/9KIOdrMODdY0PnwZ.uAEK','https://culetter.s3.ap-northeast-2.amazonaws.com/profile_image/e3a7131a-ba9b-43c2-bb32-f754aa7f8866-1649296624354',1,'2022-04-07 01:58:11.746000'),(17,'2022-03-30 08:19:25.069000','papico@masi.dda',NULL,'','$2a$10$CHOgDN5iwjyP7hU/77YHAehJW.qwO6Mv9E0G8fbId29PzXV1MVQrS',NULL,1,'2022-03-30 08:19:25.069000'),(18,'2022-03-30 08:19:35.259000','nugaba@masi.dda',NULL,'','$2a$10$nhbPBA2AsA1YwcDdDRLKDeAo/ov/6pCQT0AHcKMsr0QPhkSieQ19u',NULL,1,'2022-03-30 08:19:35.259000'),(28,NULL,NULL,NULL,NULL,NULL,NULL,NULL,'2022-03-31 01:38:10.301000'),(29,'2022-03-31 01:26:12.092000','backend@test.com',NULL,'betest','$2a$10$UYSmlROtnr1UuOMSzP0tjO3FcK5UlzRYrSo9NeYZUwgMeSMMfVkCe',NULL,1,'2022-03-31 01:26:12.092000'),(30,'2022-03-31 01:35:15.005000','dkfkqldk97@naver.com',NULL,'','$2a$10$izx2FpLtpniaYAsgBckIoeIliVtgKyH4IjfrNKNy3eISIw8Ssouzm','https://culetter.s3.ap-northeast-2.amazonaws.com/profile_image/8388d842-ba2c-4049-a314-f74d292a4e90-1649312178341',1,'2022-04-07 06:16:18.416000'),(31,'2022-03-31 06:51:17.380000','alonemint@naver.com',NULL,'','$2a$10$1/1Q9KDE4jkSWkwhKk3JR.nwr9hi87Ds0VAPKja3Zb9SnkDQhJNRG','https://culetter.s3.ap-northeast-2.amazonaws.com/profile_image/6e9dce33-6ab5-4766-af65-1e8a643644e3-1649312219147',1,'2022-04-07 09:09:46.788000'),(32,'2022-04-01 00:25:37.081000','mapleapril@naver.com',NULL,'','$2a$10$GeJ8LC5OX2/0FVKqCFd/YuM8cPOlYKrM8zYKk6qIoUgo2i9TfeI5m','https://culetter.s3.ap-northeast-2.amazonaws.com/profile_image/2204a8e8-6f78-4b93-8ef2-38c64fe98d10-1649233671248',1,'2022-04-07 16:41:46.309000'),(33,'2022-04-01 00:27:52.700000','test@test.com',NULL,'','$2a$10$BTHuiKtVtyF8E4cP8lQ65.nqPogO1daedNtGG7P.rzTWVP8wyhbky',NULL,1,'2022-04-01 00:27:52.700000'),(34,'2022-04-04 02:01:42.590000','sny3238@gmail.com',NULL,'','$2a$10$5h33XhokFW4y.ljVmkHFmOuMsRU15nyMHUWLsYXrnbGf5QIojImjK',NULL,1,'2022-04-04 02:01:42.590000'),(35,'2022-04-05 22:11:29.617000','ssafa@ssafa.com',NULL,'SeeULater','$2a$10$dI.CA1yaEfbuuZnAYSKL1.1polEEtd.Aj04r9kwcR3I4DEVKILoi6',NULL,1,'2022-04-05 22:11:29.617000'),(36,'2022-04-06 08:05:16.750000','consultant@ssafy.com',NULL,'consultant','$2a$10$ZeyKb2bMMlNgaOciijbF3uzGM8I5D7FHQg4wvYhEUy4XFraScekbe',NULL,1,'2022-04-06 08:05:16.750000'),(37,'2022-04-06 08:05:37.915000','coach@ssafy.com',NULL,'coach','$2a$10$0mpHn0ed8qTImasBqEYk6OyeBygHiqeq5boRDAMg8hoHYwqoCXzey',NULL,1,'2022-04-06 08:05:37.915000'),(38,'2022-04-06 11:52:50.389000','rudguq439@naver.com',NULL,'','$2a$10$9v5u4R1suY39xRPx.T7vgOSykOhzfhGPfawIhxvtYKnumQ2Zghxdi','https://culetter.s3.ap-northeast-2.amazonaws.com/profile_image/4ef430a3-f58b-4230-abef-31a3fedb8f37-1649292690393',1,'2022-04-07 06:22:28.999000'),(39,'2022-04-07 01:34:35.655000','sang712h@gmail.com',NULL,'','$2a$10$EE/mnLlE.8bom.1vSfoLW.StLWTfmRXe/p8hTD1ke792DDgrQHvVi',NULL,1,'2022-04-07 01:34:35.655000'),(40,'2022-04-07 01:38:52.761000','wind9481@naver.com',NULL,'','$2a$10$afeAw1lC3/YgGNB8EgM8Seo6bz2mdN2KVG2Z3vnnW6Ajj27px4EUq','https://culetter.s3.ap-northeast-2.amazonaws.com/profile_image/91241e91-0c47-480c-9398-c2211532046d-1649295772280',1,'2022-04-07 01:42:52.392000'),(41,'2022-04-07 03:57:06.540000','tjdytpq0310@gmail.com',NULL,'','$2a$10$NfXjyJ7TUELy.XQbV2VzVOauSGLefrLk3QAmmO2dDGW9J60GkZxxm',NULL,1,'2022-04-07 03:57:06.540000'),(42,'2022-04-07 05:49:56.136000','test@ssafy.com',NULL,'','$2a$10$dePHtFB9Xubmb.IXur1jU.qpgq8Bx5czgwY2ejs5tm1y5tZ05a4/q',NULL,1,'2022-04-07 05:49:56.136000'),(43,'2022-04-07 15:05:24.961000','tmdrl5661@naver.com',NULL,'','$2a$10$7SeMvM6HSONKhfIKhSF7FOnHdB4rxP5R9572Y9pSWuzuqEOvuzm4O',NULL,1,'2022-04-07 15:05:24.961000'),(44,'2022-04-07 15:41:56.346000','psa9456@naver.com',NULL,'','$2a$10$XQUHqx26HDHEr.IAp1Jtt.Ssd7NWCdD18wKTcL1qDs5lWujdrCDsm',NULL,1,'2022-04-07 15:41:56.346000'),(45,'2022-04-07 15:53:18.653000','ironylovely@naver.com',NULL,'','$2a$10$FKK/ddexFjymCuAvLTDG5uQQ2E0UzjtrqnY2SP3bnDGYMmJdiXNXG',NULL,1,'2022-04-07 15:53:18.653000'),(46,'2022-04-07 16:42:49.280000','aprilsmaple@gmail.com',NULL,'','$2a$10$OGc3bd.q7/VvsLLWtTaA1Ob.w9ezPBV5MnsBkLUuR2cy2FPt.TNJS','https://culetter.s3.ap-northeast-2.amazonaws.com/profile_image/679136a7-ac00-467a-a599-55626cf66b70-1649349874674',1,'2022-04-07 16:49:02.448000'),(47,'2022-04-07 16:52:50.695000','pkr951113@naver.com',NULL,'','$2a$10$q1XETWA1hovPG48b8FLN5.F6yu.0KxkoBQYtt2KtBbVs4.je6mNF.',NULL,1,'2022-04-07 16:52:50.695000'),(48,'2022-04-07 17:09:53.324000','111502house@gmail.com',NULL,'','$2a$10$lUUFQb44HgS4G08tOdjybehZFJovycQNHHc5FFOcXdBk7k7nhSrAi','https://culetter.s3.ap-northeast-2.amazonaws.com/profile_image/38641c85-aa87-4a5a-b0f1-f31ae4178ee6-1649359307798',1,'2022-04-07 19:21:47.903000'),(49,'2022-04-07 17:12:09.935000','fawepo2895@yeafam.com',NULL,'','$2a$10$oNHSYd7hQpLS0c4fAHt/E.dDvfbFw92yG14hzyPac4Z8aNA8I40eq','https://culetter.s3.ap-northeast-2.amazonaws.com/profile_image/3afcbc92-6984-4bfc-9106-9c595db358b5-1649351560201',1,'2022-04-07 17:12:53.717000');
/*!40000 ALTER TABLE `member` ENABLE KEYS */;
UNLOCK TABLES;

--
-- Table structure for table `recv_mailbox`
--

DROP TABLE IF EXISTS `recv_mailbox`;
/*!40101 SET @saved_cs_client     = @@character_set_client */;
/*!50503 SET character_set_client = utf8mb4 */;
CREATE TABLE `recv_mailbox` (
  `recv_id` bigint(20) NOT NULL AUTO_INCREMENT,
  `mail_id` bigint(20) DEFAULT NULL,
  `owner` bigint(20) DEFAULT NULL,
  PRIMARY KEY (`recv_id`),
  KEY `FK9k40k7iyhccunsamnkhg2m17h` (`mail_id`),
  KEY `FKp3nypc3r1xylu6f1hnogi29xn` (`owner`),
  CONSTRAINT `FK9k40k7iyhccunsamnkhg2m17h` FOREIGN KEY (`mail_id`) REFERENCES `mail` (`mail_id`),
  CONSTRAINT `FKp3nypc3r1xylu6f1hnogi29xn` FOREIGN KEY (`owner`) REFERENCES `member` (`member_id`)
) ENGINE=InnoDB AUTO_INCREMENT=245 DEFAULT CHARSET=utf8mb4 COLLATE=utf8mb4_unicode_ci;
/*!40101 SET character_set_client = @saved_cs_client */;

--
-- Dumping data for table `recv_mailbox`
--

LOCK TABLES `recv_mailbox` WRITE;
/*!40000 ALTER TABLE `recv_mailbox` DISABLE KEYS */;
INSERT INTO `recv_mailbox` VALUES (196,312,31),(197,313,42),(198,318,7),(199,319,31),(200,325,7),(202,326,7),(203,326,7),(204,326,7),(223,327,32),(224,335,10),(225,335,10),(226,336,31),(227,339,40),(228,342,7),(229,343,7),(230,344,7),(232,346,31),(234,349,10),(236,351,10),(243,353,7),(244,354,4);
/*!40000 ALTER TABLE `recv_mailbox` ENABLE KEYS */;
UNLOCK TABLES;

--
-- Table structure for table `rolling_mailbox`
--

DROP TABLE IF EXISTS `rolling_mailbox`;
/*!40101 SET @saved_cs_client     = @@character_set_client */;
/*!50503 SET character_set_client = utf8mb4 */;
CREATE TABLE `rolling_mailbox` (
  `rolling_id` bigint(20) NOT NULL AUTO_INCREMENT,
  `code` varchar(255) COLLATE utf8mb4_unicode_ci DEFAULT NULL,
  `created_date` datetime(6) DEFAULT NULL,
  `owner` bigint(20) DEFAULT NULL,
  `short_id` bigint(20) DEFAULT NULL,
  PRIMARY KEY (`rolling_id`),
  KEY `FK944a1cc9cfrhelluvdfgnr4c8` (`owner`),
  KEY `FK5mbobidgyyqw330u065ijb7c4` (`short_id`),
  CONSTRAINT `FK5mbobidgyyqw330u065ijb7c4` FOREIGN KEY (`short_id`) REFERENCES `short_mail` (`short_id`),
  CONSTRAINT `FK944a1cc9cfrhelluvdfgnr4c8` FOREIGN KEY (`owner`) REFERENCES `member` (`member_id`)
) ENGINE=InnoDB DEFAULT CHARSET=utf8mb4 COLLATE=utf8mb4_unicode_ci;
/*!40101 SET character_set_client = @saved_cs_client */;

--
-- Dumping data for table `rolling_mailbox`
--

LOCK TABLES `rolling_mailbox` WRITE;
/*!40000 ALTER TABLE `rolling_mailbox` DISABLE KEYS */;
/*!40000 ALTER TABLE `rolling_mailbox` ENABLE KEYS */;
UNLOCK TABLES;

--
-- Table structure for table `send_mailbox`
--

DROP TABLE IF EXISTS `send_mailbox`;
/*!40101 SET @saved_cs_client     = @@character_set_client */;
/*!50503 SET character_set_client = utf8mb4 */;
CREATE TABLE `send_mailbox` (
  `send_id` bigint(20) NOT NULL AUTO_INCREMENT,
  `mail_id` bigint(20) DEFAULT NULL,
  `owner` bigint(20) DEFAULT NULL,
  PRIMARY KEY (`send_id`),
  KEY `FKckeghra1ta27rt28p1r3uapco` (`mail_id`),
  KEY `FKaeh5rhsyc43jnc8m6so88l3kq` (`owner`),
  CONSTRAINT `FKaeh5rhsyc43jnc8m6so88l3kq` FOREIGN KEY (`owner`) REFERENCES `member` (`member_id`),
  CONSTRAINT `FKckeghra1ta27rt28p1r3uapco` FOREIGN KEY (`mail_id`) REFERENCES `mail` (`mail_id`)
) ENGINE=InnoDB AUTO_INCREMENT=309 DEFAULT CHARSET=utf8mb4 COLLATE=utf8mb4_unicode_ci;
/*!40101 SET character_set_client = @saved_cs_client */;

--
-- Dumping data for table `send_mailbox`
--

LOCK TABLES `send_mailbox` WRITE;
/*!40000 ALTER TABLE `send_mailbox` DISABLE KEYS */;
INSERT INTO `send_mailbox` VALUES (274,313,40),(276,315,42),(278,318,31),(280,321,7),(281,322,7),(282,323,7),(283,324,7),(285,326,10),(286,327,10),(287,328,10),(288,332,30),(289,333,30),(290,334,30),(291,335,10),(293,337,38),(294,338,7),(295,339,40),(296,341,45),(297,342,32),(298,343,32),(300,345,46),(301,346,10),(307,353,46),(308,354,42);
/*!40000 ALTER TABLE `send_mailbox` ENABLE KEYS */;
UNLOCK TABLES;

--
-- Table structure for table `short_mail`
--

DROP TABLE IF EXISTS `short_mail`;
/*!40101 SET @saved_cs_client     = @@character_set_client */;
/*!50503 SET character_set_client = utf8mb4 */;
CREATE TABLE `short_mail` (
  `short_id` bigint(20) NOT NULL AUTO_INCREMENT,
  `content` text COLLATE utf8mb4_unicode_ci,
  `created_date` datetime(6) DEFAULT NULL,
  `font_type` varchar(255) COLLATE utf8mb4_unicode_ci DEFAULT NULL,
  `mail_style` varchar(255) COLLATE utf8mb4_unicode_ci DEFAULT NULL,
  `sender_name` varchar(255) COLLATE utf8mb4_unicode_ci DEFAULT NULL,
  `sender_id` bigint(20) DEFAULT NULL,
  PRIMARY KEY (`short_id`),
  KEY `FK5ggy7uh81y7i41gifaoo1p0nj` (`sender_id`),
  CONSTRAINT `FK5ggy7uh81y7i41gifaoo1p0nj` FOREIGN KEY (`sender_id`) REFERENCES `member` (`member_id`)
) ENGINE=InnoDB DEFAULT CHARSET=utf8mb4 COLLATE=utf8mb4_unicode_ci;
/*!40101 SET character_set_client = @saved_cs_client */;

--
-- Dumping data for table `short_mail`
--

LOCK TABLES `short_mail` WRITE;
/*!40000 ALTER TABLE `short_mail` DISABLE KEYS */;
/*!40000 ALTER TABLE `short_mail` ENABLE KEYS */;
UNLOCK TABLES;

--
-- Table structure for table `time_mailbox`
--

DROP TABLE IF EXISTS `time_mailbox`;
/*!40101 SET @saved_cs_client     = @@character_set_client */;
/*!50503 SET character_set_client = utf8mb4 */;
CREATE TABLE `time_mailbox` (
  `time_id` bigint(20) NOT NULL AUTO_INCREMENT,
  `unlock_date` datetime(6) DEFAULT NULL,
  `mail_id` bigint(20) DEFAULT NULL,
  `owner` bigint(20) DEFAULT NULL,
  PRIMARY KEY (`time_id`),
  KEY `FK9f5bw58bjspv1h3d4kd3vluo0` (`mail_id`),
  KEY `FKj3b5fj4eil6k9yrtedr6synk0` (`owner`),
  CONSTRAINT `FK9f5bw58bjspv1h3d4kd3vluo0` FOREIGN KEY (`mail_id`) REFERENCES `mail` (`mail_id`),
  CONSTRAINT `FKj3b5fj4eil6k9yrtedr6synk0` FOREIGN KEY (`owner`) REFERENCES `member` (`member_id`)
) ENGINE=InnoDB DEFAULT CHARSET=utf8mb4 COLLATE=utf8mb4_unicode_ci;
/*!40101 SET character_set_client = @saved_cs_client */;

--
-- Dumping data for table `time_mailbox`
--

LOCK TABLES `time_mailbox` WRITE;
/*!40000 ALTER TABLE `time_mailbox` DISABLE KEYS */;
/*!40000 ALTER TABLE `time_mailbox` ENABLE KEYS */;
UNLOCK TABLES;

--
-- Table structure for table `undone_mailbox`
--

DROP TABLE IF EXISTS `undone_mailbox`;
/*!40101 SET @saved_cs_client     = @@character_set_client */;
/*!50503 SET character_set_client = utf8mb4 */;
CREATE TABLE `undone_mailbox` (
  `undone_id` bigint(20) NOT NULL AUTO_INCREMENT,
  `mail_id` bigint(20) DEFAULT NULL,
  `owner` bigint(20) DEFAULT NULL,
  PRIMARY KEY (`undone_id`),
  KEY `FKlqq8fw39t1pgqtkm5hd51xwxx` (`mail_id`),
  KEY `FKec1e7mw5se0ill1mwkux0in9v` (`owner`),
  CONSTRAINT `FKec1e7mw5se0ill1mwkux0in9v` FOREIGN KEY (`owner`) REFERENCES `member` (`member_id`),
  CONSTRAINT `FKlqq8fw39t1pgqtkm5hd51xwxx` FOREIGN KEY (`mail_id`) REFERENCES `mail` (`mail_id`)
) ENGINE=InnoDB AUTO_INCREMENT=58 DEFAULT CHARSET=utf8mb4 COLLATE=utf8mb4_unicode_ci;
/*!40101 SET character_set_client = @saved_cs_client */;

--
-- Dumping data for table `undone_mailbox`
--

LOCK TABLES `undone_mailbox` WRITE;
/*!40000 ALTER TABLE `undone_mailbox` DISABLE KEYS */;
INSERT INTO `undone_mailbox` VALUES (47,317,42),(50,329,30),(51,330,30),(52,331,30),(54,340,44);
/*!40000 ALTER TABLE `undone_mailbox` ENABLE KEYS */;
UNLOCK TABLES;
/*!40103 SET TIME_ZONE=@OLD_TIME_ZONE */;

/*!40101 SET SQL_MODE=@OLD_SQL_MODE */;
/*!40014 SET FOREIGN_KEY_CHECKS=@OLD_FOREIGN_KEY_CHECKS */;
/*!40014 SET UNIQUE_CHECKS=@OLD_UNIQUE_CHECKS */;
/*!40101 SET CHARACTER_SET_CLIENT=@OLD_CHARACTER_SET_CLIENT */;
/*!40101 SET CHARACTER_SET_RESULTS=@OLD_CHARACTER_SET_RESULTS */;
/*!40101 SET COLLATION_CONNECTION=@OLD_COLLATION_CONNECTION */;
/*!40111 SET SQL_NOTES=@OLD_SQL_NOTES */;

-- Dump completed on 2022-04-08  9:45:03
